{"DataContractVersion":"1.1","DocumentTypes":[{"Connections":[],"DocumentTypeId":"UiPath.Sample.IDCards","Group":"UiPath","Category":"Sample","Name":"ID Cards","OptionalUniqueIdentifier":"","TypeField":{"FieldId":"UiPath.Sample.IDCards.DocumentType","FieldName":"Document Type"},"Fields":[{"FieldId":"UiPath.Sample.IDCards.Document-Type","FieldName":"Document-Type","IsMultiValue":false,"Type":"Text","DeriveFieldsFormat":"","Components":[],"SetValues":[],"Metadata":[],"RuleSet":null,"DefaultValue":null,"DataSource":null},{"FieldId":"UiPath.Sample.IDCards.LastName","FieldName":"Last Name","IsMultiValue":false,"Type":"Text","DeriveFieldsFormat":"","Components":[],"SetValues":[],"Metadata":[],"RuleSet":null,"DefaultValue":null,"DataSource":null},{"FieldId":"UiPath.Sample.IDCards.FirstName","FieldName":"First Name","IsMultiValue":false,"Type":"Text","DeriveFieldsFormat":"","Components":[],"SetValues":[],"Metadata":[],"RuleSet":null,"DefaultValue":null,"DataSource":null},{"FieldId":"UiPath.Sample.IDCards.BirthPlace","FieldName":"Birth Place","IsMultiValue":false,"Type":"Text","DeriveFieldsFormat":"","Components":[],"SetValues":[],"Metadata":[],"RuleSet":null,"DefaultValue":null,"DataSource":null},{"FieldId":"UiPath.Sample.IDCards.BirthDate","FieldName":"Birth Date","IsMultiValue":false,"Type":"Date","DeriveFieldsFormat":"","Components":[],"SetValues":[],"Metadata":[],"RuleSet":null,"DefaultValue":null,"DataSource":null},{"FieldId":"UiPath.Sample.IDCards.Sex","FieldName":"Sex","IsMultiValue":false,"Type":"Text","DeriveFieldsFormat":"","Components":[],"SetValues":[],"Metadata":[],"RuleSet":null,"DefaultValue":null,"DataSource":null},{"FieldId":"UiPath.Sample.IDCards.Nationality","FieldName":"Nationality","IsMultiValue":false,"Type":"Text","DeriveFieldsFormat":"","Components":[],"SetValues":[],"Metadata":[],"RuleSet":null,"DefaultValue":null,"DataSource":null},{"FieldId":"UiPath.Sample.IDCards.IDNo","FieldName":"ID No.","IsMultiValue":false,"Type":"Text","DeriveFieldsFormat":"","Components":[],"SetValues":[],"Metadata":[],"RuleSet":null,"DefaultValue":null,"DataSource":null},{"FieldId":"UiPath.Sample.IDCards.IssuedDate","FieldName":"Issued Date","IsMultiValue":false,"Type":"Date","DeriveFieldsFormat":"","Components":[],"SetValues":[],"Metadata":[],"RuleSet":null,"DefaultValue":null,"DataSource":null},{"FieldId":"UiPath.Sample.IDCards.ExpirationDate","FieldName":"Expiration Date","IsMultiValue":false,"Type":"Date","DeriveFieldsFormat":"","Components":[],"SetValues":[],"Metadata":[],"RuleSet":null,"DefaultValue":null,"DataSource":null},{"FieldId":"UiPath.Sample.IDCards.IssuedPlace","FieldName":"Issued Place","IsMultiValue":false,"Type":"Text","DeriveFieldsFormat":"","Components":[],"SetValues":[],"Metadata":[],"RuleSet":null,"DefaultValue":null,"DataSource":null},{"FieldId":"UiPath.Sample.IDCards.Authority","FieldName":"Authority","IsMultiValue":false,"Type":"Text","DeriveFieldsFormat":"","Components":[],"SetValues":[],"Metadata":[],"RuleSet":null,"DefaultValue":null,"DataSource":null},{"FieldId":"UiPath.Sample.IDCards.IDNo2","FieldName":"ID No. 2","IsMultiValue":false,"Type":"Text","DeriveFieldsFormat":"","Components":[],"SetValues":[],"Metadata":[],"RuleSet":null,"DefaultValue":null,"DataSource":null},{"FieldId":"UiPath.Sample.IDCards.MachineReadableZone","FieldName":"Machine Readable Zone","IsMultiValue":false,"Type":"Text","DeriveFieldsFormat":"","Components":[],"SetValues":[],"Metadata":[],"RuleSet":null,"DefaultValue":null,"DataSource":null},{"FieldId":"UiPath.Sample.IDCards.Address","FieldName":"Address","IsMultiValue":false,"Type":"Address","DeriveFieldsFormat":"","Components":[],"SetValues":[],"Metadata":[],"RuleSet":null,"DefaultValue":null,"DataSource":null},{"FieldId":"UiPath.Sample.IDCards.State","FieldName":"State","IsMultiValue":false,"Type":"Text","DeriveFieldsFormat":"","Components":[],"SetValues":[],"Metadata":[],"RuleSet":null,"DefaultValue":null,"DataSource":null}]}],"Groups":[{"Name":"UiPath","Categories":["Sample"]}],"SupportedLanguages":[{"Name":"Undetermined Language","Code":"und"},{"Name":"Bulgarian","Code":"bul"},{"Name":"Cantonese","Code":"yue"},{"Name":"Danish","Code":"dan"},{"Name":"Dutch","Code":"nld"},{"Name":"English","Code":"eng"},{"Name":"French","Code":"fra"},{"Name":"Georgian","Code":"kat"},{"Name":"German","Code":"deu"},{"Name":"Greek","Code":"ell"},{"Name":"Hebrew","Code":"heb"},{"Name":"Hindi","Code":"hin"},{"Name":"Italian","Code":"ita"},{"Name":"Japanese","Code":"jpn"},{"Name":"Korean","Code":"kor"},{"Name":"Macedonian","Code":"mkd"},{"Name":"Mandarin","Code":"zho"},{"Name":"Marathi","Code":"mar"},{"Name":"Norwegian","Code":"nor"},{"Name":"Polish","Code":"pol"},{"Name":"Portuguese","Code":"por"},{"Name":"Romanian","Code":"ron"},{"Name":"Russian","Code":"rus"},{"Name":"Serbian","Code":"srp"},{"Name":"Spanish","Code":"spa"},{"Name":"Swedish","Code":"swe"},{"Name":"Telugu","Code":"tel"}]}