{"DocumentId":"04-form","ContentType":"application/pdf","Length":6077,"Pages":[{"PageIndex":0,"Size":[0.0,0.0,595.0,842.0],"Sections":[{"IndexInText":0,"Language":"eng","Length":24,"Rotation":"None","SkewAngle":-0.3,"Type":"Paragraph","WordGroups":[{"IndexInText":0,"Length":24,"Type":"Other","Words":[{"Box":[46.67,37.87,81.08,21.07],"Polygon":[37.87,46.67,118.95,46.67,118.95,67.74,37.87,67.74],"IndexInText":0,"OcrConfidence":1.0,"Text":"1040-X","VisualLineNumber":0,"TextType":"Unknown"},{"Box":[73.08,37.87,61.34,7.2],"Polygon":[37.87,73.08,99.22,73.08,99.22,80.28,37.87,80.28],"IndexInText":7,"OcrConfidence":1.0,"Text":"(Rev.January2020)","VisualLineNumber":2,"TextType":"Unknown"}]}]},{"IndexInText":26,"Language":"eng","Length":164,"Rotation":"None","SkewAngle":-0.3,"Type":"Paragraph","WordGroups":[{"IndexInText":26,"Length":164,"Type":"Sentence","Words":[{"Box":[48.27,216.03,164.56,9.33],"Polygon":[216.03,48.27,380.59,48.27,380.59,57.61,216.03,57.61],"IndexInText":26,"OcrConfidence":1.0,"Text":"DepartmentoftheTreasury-InternalRevenueService","VisualLineNumber":0,"TextType":"Unknown"},{"Box":[57.34,165.09,266.18,14.4],"Polygon":[165.09,57.34,431.27,57.34,431.27,71.74,165.09,71.74],"IndexInText":73,"OcrConfidence":1.0,"Text":"AmendedU.S.IndividualIncomeTaxReturn","VisualLineNumber":1,"TextType":"Unknown"},{"Box":[62.68,483.81,63.48,7.47],"Polygon":[483.81,62.68,547.29,62.68,547.29,70.14,483.81,70.14],"IndexInText":110,"OcrConfidence":1.0,"Text":"OMBNo.1545-0074","VisualLineNumber":1,"TextType":"Unknown"},{"Box":[72.28,160.03,276.31,9.87],"Polygon":[160.03,72.28,436.34,72.28,436.34,82.15,160.03,82.15],"IndexInText":126,"OcrConfidence":1.0,"Text":"Gotowww.irs.gov/Form1040Xforinstructionsandthelatestinformation.","VisualLineNumber":2,"TextType":"Unknown"}]}]},{"IndexInText":192,"Language":"eng","Length":114,"Rotation":"None","SkewAngle":-0.3,"Type":"Paragraph","WordGroups":[{"IndexInText":192,"Length":114,"Type":"Other","Words":[{"Box":[83.75,38.41,128.29,10.67],"Polygon":[38.41,83.75,166.69,83.75,166.69,94.42,38.41,94.42],"IndexInText":192,"OcrConfidence":1.0,"Text":"Thisreturnisforcalendaryear","VisualLineNumber":3,"TextType":"Unknown"},{"Box":[86.15,186.96,18.4,7.2],"Polygon":[186.96,86.15,205.37,86.15,205.37,93.35,186.96,93.35],"IndexInText":220,"OcrConfidence":1.0,"Text":"2019","VisualLineNumber":3,"TextType":"Unknown"},{"Box":[86.15,219.23,5.87,6.67],"Polygon":[219.23,86.15,225.1,86.15,225.1,92.81,219.23,92.81],"IndexInText":225,"OcrConfidence":1.0,"Text":"1","VisualLineNumber":3,"TextType":"Unknown"},{"Box":[86.15,230.17,18.14,7.2],"Polygon":[230.17,86.15,248.31,86.15,248.31,93.35,230.17,93.35],"IndexInText":227,"OcrConfidence":1.0,"Text":"2018","VisualLineNumber":3,"TextType":"Unknown"},{"Box":[86.15,269.64,18.14,8.0],"Polygon":[269.64,86.15,287.78,86.15,287.78,94.15,269.64,94.15],"IndexInText":232,"OcrConfidence":1.0,"Text":"2017","VisualLineNumber":3,"TextType":"Unknown"},{"Box":[86.15,310.45,18.94,8.0],"Polygon":[310.45,86.15,329.39,86.15,329.39,94.15,310.45,94.15],"IndexInText":237,"OcrConfidence":1.0,"Text":"2016","VisualLineNumber":3,"TextType":"Unknown"},{"Box":[95.22,38.67,144.02,10.14],"Polygon":[38.67,95.22,182.7,95.22,182.7,105.35,38.67,105.35],"IndexInText":242,"OcrConfidence":1.0,"Text":"Otheryear.Enterone:calendaryear","VisualLineNumber":4,"TextType":"Unknown"},{"Box":[97.08,228.57,147.76,8.8],"Polygon":[228.57,97.08,376.33,97.08,376.33,105.88,228.57,105.88],"IndexInText":274,"OcrConfidence":1.0,"Text":"orfiscalyear(monthandyearended):","VisualLineNumber":4,"TextType":"Unknown"}]}]},{"IndexInText":308,"Language":"eng","Length":29,"Rotation":"None","SkewAngle":-0.3,"Type":"Paragraph","WordGroups":[{"IndexInText":308,"Length":29,"Type":"Other","Words":[{"Box":[108.02,37.87,100.02,7.2],"Polygon":[37.87,108.02,137.89,108.02,137.89,115.22,37.87,115.22],"IndexInText":308,"OcrConfidence":1.0,"Text":"Yourfirstnameandmiddleinitial","VisualLineNumber":5,"TextType":"Unknown"}]}]},{"IndexInText":339,"Language":"eng","Length":8,"Rotation":"None","SkewAngle":-0.3,"Type":"Paragraph","WordGroups":[{"IndexInText":339,"Length":8,"Type":"Other","Words":[{"Box":[108.82,269.64,32.81,7.2],"Polygon":[269.64,108.82,302.45,108.82,302.45,116.02,269.64,116.02],"IndexInText":339,"OcrConfidence":1.0,"Text":"Lastname","VisualLineNumber":5,"TextType":"Unknown"}]}]},{"IndexInText":349,"Language":"eng","Length":24,"Rotation":"None","SkewAngle":-0.3,"Type":"Paragraph","WordGroups":[{"IndexInText":349,"Length":24,"Type":"Other","Words":[{"Box":[109.62,434.74,91.48,7.2],"Polygon":[434.74,109.62,526.22,109.62,526.22,116.82,434.74,116.82],"IndexInText":349,"OcrConfidence":1.0,"Text":"Yoursocialsecuritynumber","VisualLineNumber":5,"TextType":"Unknown"}]}]},{"IndexInText":375,"Language":"nor","Length":27,"Rotation":"None","SkewAngle":-0.3,"Type":"Paragraph","WordGroups":[{"IndexInText":375,"Length":27,"Type":"Other","Words":[{"Box":[121.09,94.95,32.01,7.47],"Polygon":[94.95,121.09,126.95,121.09,126.95,128.55,94.95,128.55],"IndexInText":375,"OcrConfidence":1.0,"Text":"JamesJ","VisualLineNumber":6,"TextType":"Unknown"},{"Box":[121.89,330.19,23.47,7.47],"Polygon":[330.19,121.89,353.66,121.89,353.66,129.35,330.19,129.35],"IndexInText":382,"OcrConfidence":1.0,"Text":"Jones","VisualLineNumber":6,"TextType":"Unknown"},{"Box":[122.69,436.87,19.2,6.67],"Polygon":[436.87,122.69,456.07,122.69,456.07,129.35,436.87,129.35],"IndexInText":388,"OcrConfidence":1.0,"Text":"42","VisualLineNumber":6,"TextType":"Unknown"},{"Box":[122.69,465.41,5.07,6.67],"Polygon":[465.41,122.69,470.47,122.69,470.47,129.35,465.41,129.35],"IndexInText":391,"OcrConfidence":1.0,"Text":"1","VisualLineNumber":6,"TextType":"Unknown"},{"Box":[122.69,477.94,22.67,6.67],"Polygon":[477.94,122.69,500.61,122.69,500.61,129.35,477.94,129.35],"IndexInText":393,"OcrConfidence":1.0,"Text":"45","VisualLineNumber":6,"TextType":"Unknown"},{"Box":[122.69,504.88,19.74,6.67],"Polygon":[504.88,122.69,524.62,122.69,524.62,129.35,504.88,129.35],"IndexInText":396,"OcrConfidence":1.0,"Text":"03","VisualLineNumber":6,"TextType":"Unknown"},{"Box":[124.02,533.42,4.27,5.33],"Polygon":[533.42,124.02,537.69,124.02,537.69,129.35,533.42,129.35],"IndexInText":399,"OcrConfidence":1.0,"Text":"6","VisualLineNumber":6,"TextType":"Unknown"},{"Box":[123.49,546.49,5.87,6.4],"Polygon":[546.49,123.49,552.35,123.49,552.35,129.89,546.49,129.89],"IndexInText":401,"OcrConfidence":1.0,"Text":"0","VisualLineNumber":6,"TextType":"Unknown"}]}]},{"IndexInText":404,"Language":"eng","Length":47,"Rotation":"None","SkewAngle":-0.3,"Type":"Paragraph","WordGroups":[{"IndexInText":404,"Length":47,"Type":"Other","Words":[{"Box":[130.69,37.07,154.96,8.8],"Polygon":[37.07,130.69,192.03,130.69,192.03,139.49,37.07,139.49],"IndexInText":404,"OcrConfidence":1.0,"Text":"lfjointreturn,spouse'sfirstnameandmiddleinitial","VisualLineNumber":7,"TextType":"Unknown"}]}]},{"IndexInText":453,"Language":"eng","Length":8,"Rotation":"None","SkewAngle":-0.3,"Type":"Paragraph","WordGroups":[{"IndexInText":453,"Length":8,"Type":"Other","Words":[{"Box":[132.29,268.84,33.61,6.4],"Polygon":[268.84,132.29,302.45,132.29,302.45,138.69,268.84,138.69],"IndexInText":453,"OcrConfidence":1.0,"Text":"Lastname","VisualLineNumber":7,"TextType":"Unknown"}]}]},{"IndexInText":463,"Language":"eng","Length":28,"Rotation":"None","SkewAngle":-0.3,"Type":"Paragraph","WordGroups":[{"IndexInText":463,"Length":28,"Type":"Other","Words":[{"Box":[132.29,434.74,105.88,8.0],"Polygon":[434.74,132.29,540.62,132.29,540.62,140.29,434.74,140.29],"IndexInText":463,"OcrConfidence":1.0,"Text":"Spouse'ssocialsecuritynumber","VisualLineNumber":7,"TextType":"Unknown"}]}]},{"IndexInText":493,"Language":"eng","Length":88,"Rotation":"None","SkewAngle":-0.3,"Type":"Paragraph","WordGroups":[{"IndexInText":493,"Length":88,"Type":"Other","Words":[{"Box":[153.89,37.07,252.31,9.07],"Polygon":[37.07,153.89,289.38,153.89,289.38,162.96,37.07,162.96],"IndexInText":493,"OcrConfidence":1.0,"Text":"curenthomeaddressnumberandstreet.lfyouhaveaP.o.box,seeinstructions.","VisualLineNumber":8,"TextType":"Unknown"},{"Box":[165.89,37.07,90.68,9.07],"Polygon":[37.07,165.89,127.75,165.89,127.75,174.96,37.07,174.96],"IndexInText":561,"OcrConfidence":1.0,"Text":"758WillowGreeneDrive","VisualLineNumber":9,"TextType":"Unknown"}]}]},{"IndexInText":583,"Language":"eng","Length":36,"Rotation":"None","SkewAngle":-0.3,"Type":"Paragraph","WordGroups":[{"IndexInText":583,"Length":36,"Type":"Other","Words":[{"Box":[155.49,371.79,25.6,7.47],"Polygon":[371.79,155.49,397.4,155.49,397.4,162.96,371.79,162.96],"IndexInText":583,"OcrConfidence":1.0,"Text":"Apt.no.","VisualLineNumber":8,"TextType":"Unknown"},{"Box":[155.49,433.94,62.14,7.47],"Polygon":[433.94,155.49,496.08,155.49,496.08,162.96,433.94,162.96],"IndexInText":591,"OcrConfidence":1.0,"Text":"Yourphonenumber","VisualLineNumber":8,"TextType":"Unknown"},{"Box":[168.83,469.14,48.81,7.2],"Polygon":[469.14,168.83,517.95,168.83,517.95,176.03,469.14,176.03],"IndexInText":607,"OcrConfidence":1.0,"Text":"334-486-7838","VisualLineNumber":9,"TextType":"Unknown"}]}]},{"IndexInText":621,"Language":"eng","Length":120,"Rotation":"None","SkewAngle":-0.3,"Type":"Paragraph","WordGroups":[{"IndexInText":621,"Length":120,"Type":"Heading","Words":[{"Box":[176.56,37.07,369.13,9.87],"Polygon":[37.07,176.56,406.2,176.56,406.2,186.43,37.07,186.43],"IndexInText":621,"OcrConfidence":1.0,"Text":"Clytownorpostofce,state,andzlpcode.lfyouhaveaforegnaddressalsocompletespacesbelw.eeinstuctions.","VisualLineNumber":10,"TextType":"Unknown"},{"Box":[189.1,37.07,109.08,8.8],"Polygon":[37.07,189.1,146.16,189.1,146.16,197.9,37.07,197.9],"IndexInText":717,"OcrConfidence":1.0,"Text":"Montgomery,Alabama,36014","VisualLineNumber":11,"TextType":"Unknown"}]}]},{"IndexInText":743,"Language":"eng","Length":18,"Rotation":"None","SkewAngle":-0.3,"Type":"Paragraph","WordGroups":[{"IndexInText":743,"Length":18,"Type":"Other","Words":[{"Box":[200.03,36.54,67.21,7.47],"Polygon":[36.54,200.03,103.75,200.03,103.75,207.5,36.54,207.5],"IndexInText":743,"OcrConfidence":1.0,"Text":"Foreigncountryname","VisualLineNumber":12,"TextType":"Unknown"}]}]},{"IndexInText":763,"Language":"eng","Length":28,"Rotation":"None","SkewAngle":-0.3,"Type":"Paragraph","WordGroups":[{"IndexInText":763,"Length":28,"Type":"Other","Words":[{"Box":[200.83,281.91,91.48,8.0],"Polygon":[281.91,200.83,373.39,200.83,373.39,208.83,281.91,208.83],"IndexInText":763,"OcrConfidence":1.0,"Text":"Foreignprovince/state/county","VisualLineNumber":12,"TextType":"Unknown"}]}]},{"IndexInText":793,"Language":"ita","Length":17,"Rotation":"None","SkewAngle":-0.3,"Type":"Paragraph","WordGroups":[{"IndexInText":793,"Length":17,"Type":"Other","Words":[{"Box":[201.63,454.47,61.34,7.2],"Polygon":[454.47,201.63,515.82,201.63,515.82,208.83,454.47,208.83],"IndexInText":793,"OcrConfidence":1.0,"Text":"Foreignpostalcode","VisualLineNumber":12,"TextType":"Unknown"}]}]},{"IndexInText":812,"Language":"eng","Length":210,"Rotation":"None","SkewAngle":-0.3,"Type":"Paragraph","WordGroups":[{"IndexInText":812,"Length":210,"Type":"Other","Words":[{"Box":[222.44,36.27,294.71,11.2],"Polygon":[36.27,222.44,330.99,222.44,330.99,233.64,36.27,233.64],"IndexInText":812,"OcrConfidence":1.0,"Text":"Amendedreturnfilingstatus.Youmustcheckoneboxevenifyouarenot","VisualLineNumber":13,"TextType":"Unknown"},{"Box":[225.37,368.86,186.43,10.4],"Polygon":[368.86,225.37,555.29,225.37,555.29,235.77,368.86,235.77],"IndexInText":872,"OcrConfidence":1.0,"Text":"Full-yearhealthcarecoveragelor,foramended","VisualLineNumber":13,"TextType":"Unknown"},{"Box":[232.84,36.27,293.38,11.2],"Polygon":[36.27,232.84,329.65,232.84,329.65,244.04,36.27,244.04],"IndexInText":914,"OcrConfidence":1.0,"Text":"ichangingyourfilingstatus.Caution:lngeneral,youcan'tchangeyourfiling","VisualLineNumber":14,"TextType":"Unknown"},{"Box":[235.24,357.39,197.9,9.6],"Polygon":[357.39,235.24,555.29,235.24,555.29,244.84,357.39,244.84],"IndexInText":983,"OcrConfidence":1.0,"Text":"2018returnsonly,exempt).lfamendinga2019","VisualLineNumber":14,"TextType":"Unknown"}]}]},{"IndexInText":1024,"Language":"eng","Length":55,"Rotation":"None","SkewAngle":-0.3,"Type":"Paragraph","WordGroups":[{"IndexInText":1024,"Length":55,"Type":"Other","Words":[{"Box":[242.97,36.27,244.31,10.67],"Polygon":[36.27,242.97,280.58,242.97,280.58,253.64,36.27,253.64],"IndexInText":1024,"OcrConfidence":1.0,"Text":"statusfromajointreturntoseparatereturnsaftertheduedate.","VisualLineNumber":15,"TextType":"Unknown"}]}]},{"IndexInText":1081,"Language":"eng","Length":34,"Rotation":"None","SkewAngle":-0.3,"Type":"Paragraph","WordGroups":[{"IndexInText":1081,"Length":34,"Type":"Other","Words":[{"Box":[244.84,357.39,134.42,8.54],"Polygon":[357.39,244.84,491.81,244.84,491.81,253.37,357.39,253.37],"IndexInText":1081,"OcrConfidence":1.0,"Text":"return,leaveblank.Seeinstructions.","VisualLineNumber":15,"TextType":"Unknown"}]}]},{"IndexInText":1117,"Language":"eng","Length":244,"Rotation":"None","SkewAngle":-0.3,"Type":"Paragraph","WordGroups":[{"IndexInText":1117,"Length":244,"Type":"Other","Words":[{"Box":[257.11,37.07,5.87,6.67],"Polygon":[37.07,257.11,42.94,257.11,42.94,263.78,37.07,263.78],"IndexInText":1117,"OcrConfidence":1.0,"Text":"v","VisualLineNumber":16,"TextType":"Unknown"},{"Box":[256.31,47.47,25.6,10.4],"Polygon":[47.47,256.31,73.08,256.31,73.08,266.71,47.47,266.71],"IndexInText":1119,"OcrConfidence":1.0,"Text":"Single","VisualLineNumber":16,"TextType":"Unknown"},{"Box":[257.11,95.48,73.88,10.4],"Polygon":[95.48,257.11,169.36,257.11,169.36,267.51,95.48,267.51],"IndexInText":1126,"OcrConfidence":1.0,"Text":"Marriedfilingjointly","VisualLineNumber":16,"TextType":"Unknown"},{"Box":[257.91,192.03,114.68,9.6],"Polygon":[192.03,257.91,306.72,257.91,306.72,267.51,192.03,267.51],"IndexInText":1147,"OcrConfidence":1.0,"Text":"Marriedfilingseparately(MFS)","VisualLineNumber":16,"TextType":"Unknown"},{"Box":[258.71,331.79,100.02,10.13],"Polygon":[331.79,258.71,431.8,258.71,431.8,268.84,331.79,268.84],"IndexInText":1176,"OcrConfidence":1.0,"Text":"Qualifyingwidow(er)(QW)","VisualLineNumber":16,"TextType":"Unknown"},{"Box":[258.44,455.27,100.82,10.67],"Polygon":[455.27,258.44,556.09,258.44,556.09,269.11,455.27,269.11],"IndexInText":1200,"OcrConfidence":1.0,"Text":"Headofhousehold(HOH)","VisualLineNumber":16,"TextType":"Unknown"},{"Box":[268.84,35.74,329.65,11.74],"Polygon":[35.74,268.84,365.39,268.84,365.39,280.58,35.74,280.58],"IndexInText":1221,"OcrConfidence":1.0,"Text":"lfyoucheckedtheMFSbox,enterthenameofspouse.lfyoucheckedtheHOHor","VisualLineNumber":17,"TextType":"Unknown"},{"Box":[270.44,365.92,188.03,10.94],"Polygon":[365.92,270.44,553.95,270.44,553.95,281.38,365.92,281.38],"IndexInText":1285,"OcrConfidence":1.0,"Text":"QWbox,enterthechild'snameifthequalifying","VisualLineNumber":17,"TextType":"Unknown"},{"Box":[279.78,36.54,168.83,8.8],"Polygon":[36.54,279.78,205.37,279.78,205.37,288.58,36.54,288.58],"IndexInText":1326,"OcrConfidence":1.0,"Text":"personisachildbutnotyourdependent.▲","VisualLineNumber":18,"TextType":"Unknown"}]}]},{"IndexInText":1363,"Language":"eng","Length":38,"Rotation":"None","SkewAngle":-0.3,"Type":"Paragraph","WordGroups":[{"IndexInText":1363,"Length":38,"Type":"Heading","Words":[{"Box":[294.98,100.55,204.3,13.6],"Polygon":[100.55,294.98,304.85,294.98,304.85,308.58,100.55,308.58],"IndexInText":1363,"OcrConfidence":1.0,"Text":"UsePartIllonthebacktoexplainanychanges","VisualLineNumber":19,"TextType":"Unknown"}]}]},{"IndexInText":1403,"Language":"eng","Length":78,"Rotation":"None","SkewAngle":-0.3,"Type":"Paragraph","WordGroups":[{"IndexInText":1403,"Length":78,"Type":"Heading","Words":[{"Box":[314.18,34.94,111.22,9.6],"Polygon":[34.94,314.18,146.16,314.18,146.16,323.78,34.94,323.78],"IndexInText":1403,"OcrConfidence":1.0,"Text":"IncomeandDeductions","VisualLineNumber":22,"TextType":"Unknown"},{"Box":[327.25,45.07,4.53,6.67],"Polygon":[45.07,327.25,49.61,327.25,49.61,333.92,45.07,333.92],"IndexInText":1423,"OcrConfidence":1.0,"Text":"1","VisualLineNumber":23,"TextType":"Unknown"},{"Box":[326.18,62.68,196.83,11.2],"Polygon":[62.68,326.18,259.51,326.18,259.51,337.39,62.68,337.39],"IndexInText":1425,"OcrConfidence":1.0,"Text":"Adjustedgrossincome.lfanetoperatingloss","VisualLineNumber":23,"TextType":"Unknown"},{"Box":[327.25,262.17,78.41,8.8],"Polygon":[262.17,327.25,340.59,327.25,340.59,336.05,262.17,336.05],"IndexInText":1465,"OcrConfidence":1.0,"Text":"(NOL)carrybackis","VisualLineNumber":23,"TextType":"Unknown"}]}]},{"IndexInText":1483,"Language":"eng","Length":144,"Rotation":"None","SkewAngle":-0.3,"Type":"Paragraph","WordGroups":[{"IndexInText":1483,"Length":144,"Type":"Other","Words":[{"Box":[294.45,368.86,60.01,7.2],"Polygon":[368.86,294.45,428.87,294.45,428.87,301.65,368.86,301.65],"IndexInText":1483,"OcrConfidence":1.0,"Text":"A.Originalamount","VisualLineNumber":19,"TextType":"Unknown"},{"Box":[301.65,431.8,58.41,7.47],"Polygon":[431.8,301.65,490.21,301.65,490.21,309.12,431.8,309.12],"IndexInText":1500,"OcrConfidence":1.0,"Text":"amountofincrease","VisualLineNumber":20,"TextType":"Unknown"},{"Box":[295.25,434.74,51.21,7.2],"Polygon":[434.74,295.25,485.94,295.25,485.94,302.45,434.74,302.45],"IndexInText":1517,"OcrConfidence":1.0,"Text":"B.Netchange-","VisualLineNumber":19,"TextType":"Unknown"},{"Box":[299.78,505.41,35.47,8.53],"Polygon":[505.41,299.78,540.89,299.78,540.89,308.32,505.41,308.32],"IndexInText":1530,"OcrConfidence":1.0,"Text":"C.Correct","VisualLineNumber":20,"TextType":"Unknown"},{"Box":[302.45,376.33,43.74,6.67],"Polygon":[376.33,302.45,420.07,302.45,420.07,309.12,376.33,309.12],"IndexInText":1540,"OcrConfidence":1.0,"Text":"reportedoras","VisualLineNumber":20,"TextType":"Unknown"},{"Box":[309.12,369.66,57.88,7.2],"Polygon":[369.66,309.12,427.53,309.12,427.53,316.32,369.66,316.32],"IndexInText":1553,"OcrConfidence":1.0,"Text":"previouslyadjusted","VisualLineNumber":21,"TextType":"Unknown"},{"Box":[309.12,437.67,45.34,8.0],"Polygon":[437.67,309.12,483.01,309.12,483.01,317.12,437.67,317.12],"IndexInText":1572,"OcrConfidence":1.0,"Text":"or(decrease)-","VisualLineNumber":21,"TextType":"Unknown"},{"Box":[309.12,509.95,26.4,6.4],"Polygon":[509.95,309.12,536.35,309.12,536.35,315.52,509.95,315.52],"IndexInText":1586,"OcrConfidence":1.0,"Text":"amount","VisualLineNumber":21,"TextType":"Unknown"},{"Box":[316.32,372.59,52.01,7.47],"Polygon":[372.59,316.32,424.6,316.32,424.6,323.78,372.59,323.78],"IndexInText":1593,"OcrConfidence":1.0,"Text":"(seeinstructions)","VisualLineNumber":22,"TextType":"Unknown"},{"Box":[316.32,435.54,50.41,7.47],"Polygon":[435.54,316.32,485.94,316.32,485.94,323.78,435.54,323.78],"IndexInText":1611,"OcrConfidence":1.0,"Text":"explaininPartIll","VisualLineNumber":22,"TextType":"Unknown"}]}]},{"IndexInText":1629,"Language":"eng","Length":83,"Rotation":"None","SkewAngle":-0.3,"Type":"Paragraph","WordGroups":[{"IndexInText":1629,"Length":83,"Type":"Other","Words":[{"Box":[336.05,61.88,82.95,10.4],"Polygon":[61.88,336.05,144.82,336.05,144.82,346.46,61.88,346.46],"IndexInText":1629,"OcrConfidence":1.0,"Text":"included,checkhere","VisualLineNumber":24,"TextType":"Unknown"},{"Box":[348.59,43.74,6.67,7.2],"Polygon":[43.74,348.59,50.41,348.59,50.41,355.79,43.74,355.79],"IndexInText":1648,"OcrConfidence":1.0,"Text":"2","VisualLineNumber":25,"TextType":"Unknown"},{"Box":[348.06,61.88,168.29,9.87],"Polygon":[61.88,348.06,230.17,348.05,230.17,357.92,61.88,357.92],"IndexInText":1650,"OcrConfidence":1.0,"Text":"ltemizeddeductionsorstandarddeduction","VisualLineNumber":25,"TextType":"Unknown"},{"Box":[360.86,44.54,5.07,6.67],"Polygon":[44.54,360.86,49.61,360.86,49.61,367.52,44.54,367.52],"IndexInText":1688,"OcrConfidence":1.0,"Text":"3","VisualLineNumber":26,"TextType":"Unknown"},{"Box":[359.26,62.68,100.28,9.6],"Polygon":[62.68,359.26,162.96,359.26,162.96,368.86,62.68,368.86],"IndexInText":1690,"OcrConfidence":1.0,"Text":"Subtractline2fromline1","VisualLineNumber":26,"TextType":"Unknown"}]}]},{"IndexInText":1714,"Language":"eng","Length":7,"Rotation":"None","SkewAngle":-0.3,"Type":"Paragraph","WordGroups":[{"IndexInText":1714,"Length":7,"Type":"Other","Words":[{"Box":[338.19,320.05,7.2,8.0],"Polygon":[320.05,338.19,327.25,338.19,327.25,346.19,320.05,346.19],"IndexInText":1714,"OcrConfidence":1.0,"Text":"4","VisualLineNumber":24,"TextType":"Unknown"},{"Box":[340.59,354.46,4.27,5.6],"Polygon":[354.46,340.59,358.72,340.59,358.72,346.19,354.46,346.19],"IndexInText":1716,"OcrConfidence":1.0,"Text":"T","VisualLineNumber":24,"TextType":"Unknown"},{"Box":[350.72,353.66,5.87,7.2],"Polygon":[353.66,350.72,359.52,350.72,359.52,357.92,353.66,357.92],"IndexInText":1718,"OcrConfidence":1.0,"Text":"2","VisualLineNumber":25,"TextType":"Unknown"},{"Box":[363.26,354.46,5.07,6.4],"Polygon":[354.46,363.26,359.52,363.26,359.52,369.66,354.46,369.66],"IndexInText":1720,"OcrConfidence":1.0,"Text":"3","VisualLineNumber":26,"TextType":"Unknown"}]}]},{"IndexInText":1723,"Language":"eng","Length":245,"Rotation":"None","SkewAngle":-0.3,"Type":"Paragraph","WordGroups":[{"IndexInText":1723,"Length":51,"Type":"Sentence","Words":[{"Box":[372.59,43.74,10.93,7.47],"Polygon":[43.74,372.59,54.68,372.59,54.68,380.06,43.74,380.06],"IndexInText":1723,"OcrConfidence":1.0,"Text":"4a","VisualLineNumber":27,"TextType":"Unknown"},{"Box":[371.79,62.68,46.14,8.8],"Polygon":[62.68,371.79,108.82,371.79,108.82,380.59,62.68,380.59],"IndexInText":1726,"OcrConfidence":1.0,"Text":"Exemptions","VisualLineNumber":27,"TextType":"Unknown"},{"Box":[372.59,113.08,65.88,8.0],"Polygon":[113.08,372.59,178.96,372.59,178.96,380.59,113.08,380.59],"IndexInText":1737,"OcrConfidence":1.0,"Text":"(amended2017","VisualLineNumber":27,"TextType":"Unknown"},{"Box":[374.19,184.03,9.6,6.4],"Polygon":[184.03,374.19,193.63,374.19,193.63,380.59,184.03,380.59],"IndexInText":1750,"OcrConfidence":1.0,"Text":"or","VisualLineNumber":27,"TextType":"Unknown"},{"Box":[373.39,197.9,24.8,8.0],"Polygon":[197.9,373.39,222.7,373.39,222.7,381.39,197.9,381.39],"IndexInText":1753,"OcrConfidence":1.0,"Text":"earlier","VisualLineNumber":27,"TextType":"Unknown"},{"Box":[374.19,226.44,55.48,8.0],"Polygon":[226.44,374.19,281.91,374.19,281.91,382.19,226.44,382.19],"IndexInText":1761,"OcrConfidence":1.0,"Text":"returnsonly).","VisualLineNumber":27,"TextType":"Unknown"}]},{"IndexInText":1775,"Length":193,"Type":"Other","Words":[{"Box":[374.19,286.45,53.34,8.53],"Polygon":[286.45,374.19,339.79,374.19,339.79,382.73,286.45,382.73],"IndexInText":1775,"OcrConfidence":1.0,"Text":"Ifchanging,","VisualLineNumber":27,"TextType":"Unknown"},{"Box":[381.93,61.88,241.37,10.94],"Polygon":[61.88,381.93,303.25,381.93,303.25,392.86,61.88,392.86],"IndexInText":1787,"OcrConfidence":1.0,"Text":"completePartlonpage2andentertheamountfromline29","VisualLineNumber":28,"TextType":"Unknown"},{"Box":[385.13,350.72,10.94,7.2],"Polygon":[350.72,385.13,361.66,385.13,361.66,392.33,350.72,392.33],"IndexInText":1835,"OcrConfidence":1.0,"Text":"4a","VisualLineNumber":28,"TextType":"Unknown"},{"Box":[393.93,48.01,6.67,8.0],"Polygon":[48.01,393.93,54.68,393.93,54.68,401.93,48.01,401.93],"IndexInText":1838,"OcrConfidence":1.0,"Text":"b","VisualLineNumber":29,"TextType":"Unknown"},{"Box":[393.13,61.88,279.51,12.54],"Polygon":[61.88,393.13,341.39,393.13,341.39,405.66,61.88,405.66],"IndexInText":1840,"OcrConfidence":1.0,"Text":"Qualifiedbusinessincomededuction(amended2018orlaterreturnsonly)","VisualLineNumber":29,"TextType":"Unknown"},{"Box":[396.06,349.92,11.74,8.0],"Polygon":[349.92,396.06,361.66,396.06,361.66,404.06,349.92,404.06],"IndexInText":1904,"OcrConfidence":1.0,"Text":"4b","VisualLineNumber":29,"TextType":"Unknown"},{"Box":[407.0,43.74,5.07,6.67],"Polygon":[43.74,407.0,48.81,407.0,48.81,413.67,43.74,413.67],"IndexInText":1907,"OcrConfidence":1.0,"Text":"5","VisualLineNumber":30,"TextType":"Unknown"},{"Box":[405.66,61.34,277.64,10.94],"Polygon":[61.34,405.66,338.99,405.66,338.99,416.6,61.34,416.6],"IndexInText":1909,"OcrConfidence":1.0,"Text":"Taxableincome.Subtractline4aor4bfromline3.lftheresultiszero","VisualLineNumber":30,"TextType":"Unknown"}]}]},{"IndexInText":1970,"Language":"eng","Length":82,"Rotation":"None","SkewAngle":-0.3,"Type":"Paragraph","WordGroups":[{"IndexInText":1970,"Length":82,"Type":"Other","Words":[{"Box":[417.13,61.88,65.08,8.0],"Polygon":[61.88,417.13,126.95,417.13,126.95,425.13,61.88,425.13],"IndexInText":1970,"OcrConfidence":1.0,"Text":"orless,enter-0-","VisualLineNumber":31,"TextType":"Unknown"},{"Box":[427.53,34.14,56.54,10.94],"Polygon":[34.14,427.53,90.68,427.53,90.68,438.47,34.14,438.47],"IndexInText":1986,"OcrConfidence":1.0,"Text":"TaxLiability","VisualLineNumber":32,"TextType":"Unknown"},{"Box":[439.8,42.14,6.67,7.47],"Polygon":[42.14,439.8,48.81,439.8,48.81,447.27,42.14,447.27],"IndexInText":1999,"OcrConfidence":1.0,"Text":"6","VisualLineNumber":33,"TextType":"Unknown"},{"Box":[439.0,61.08,221.63,12.27],"Polygon":[61.08,439.0,282.71,439.0,282.71,451.27,61.08,451.27],"IndexInText":2001,"OcrConfidence":1.0,"Text":"Tax.Entermethod(s)usedtofiguretax(seeinstructions):","VisualLineNumber":33,"TextType":"Unknown"}]}]},{"IndexInText":2054,"Language":"und","Length":3,"Rotation":"None","SkewAngle":-0.3,"Type":"Paragraph","WordGroups":[{"IndexInText":2054,"Length":3,"Type":"Other","Words":[{"Box":[420.07,352.86,5.87,6.67],"Polygon":[352.86,420.07,358.72,420.07,358.72,426.73,352.86,426.73],"IndexInText":2054,"OcrConfidence":1.0,"Text":"5","VisualLineNumber":31,"TextType":"Unknown"},{"Box":[454.47,352.86,5.07,6.67],"Polygon":[352.86,454.47,357.92,454.47,357.92,461.14,352.86,461.14],"IndexInText":2056,"OcrConfidence":1.0,"Text":"9","VisualLineNumber":34,"TextType":"Unknown"}]}]},{"IndexInText":2059,"Language":"eng","Length":64,"Rotation":"None","SkewAngle":-0.3,"Type":"Paragraph","WordGroups":[{"IndexInText":2059,"Length":64,"Type":"Heading","Words":[{"Box":[462.47,42.14,5.87,7.47],"Polygon":[42.14,462.47,48.01,462.47,48.01,469.94,42.14,469.94],"IndexInText":2059,"OcrConfidence":1.0,"Text":"7","VisualLineNumber":35,"TextType":"Unknown"},{"Box":[462.21,61.08,264.84,11.74],"Polygon":[61.08,462.21,325.92,462.21,325.92,473.94,61.08,473.94],"IndexInText":2061,"OcrConfidence":1.0,"Text":"Credits.Ifageneralbusinesscreditcarrybackisincludedcheckhere","VisualLineNumber":35,"TextType":"Unknown"},{"Box":[465.41,352.06,5.87,7.47],"Polygon":[352.06,465.41,357.92,465.41,357.92,472.87,352.06,472.87],"IndexInText":2122,"OcrConfidence":1.0,"Text":"7","VisualLineNumber":35,"TextType":"Unknown"}]}]},{"IndexInText":2125,"Language":"eng","Length":304,"Rotation":"None","SkewAngle":-0.3,"Type":"Paragraph","WordGroups":[{"IndexInText":2125,"Length":146,"Type":"Sentence","Words":[{"Box":[474.21,42.14,5.87,7.2],"Polygon":[42.14,474.21,48.01,474.21,48.01,481.41,42.14,481.41],"IndexInText":2125,"OcrConfidence":1.0,"Text":"8","VisualLineNumber":36,"TextType":"Unknown"},{"Box":[473.41,60.54,242.7,11.47],"Polygon":[60.54,473.41,303.25,473.41,303.25,484.88,60.54,484.88],"IndexInText":2127,"OcrConfidence":1.0,"Text":"Subtractline7fromline6.lftheresultiszeroorless,enter-0-","VisualLineNumber":36,"TextType":"Unknown"},{"Box":[485.94,41.61,6.4,7.2],"Polygon":[41.61,485.94,48.01,485.94,48.01,493.15,41.61,493.15],"IndexInText":2183,"OcrConfidence":1.0,"Text":"9","VisualLineNumber":37,"TextType":"Unknown"},{"Box":[485.94,60.54,208.3,10.67],"Polygon":[60.54,485.94,268.84,485.94,268.84,496.61,60.54,496.61],"IndexInText":2185,"OcrConfidence":1.0,"Text":"Healthcare:individualresponsibilityamended2018","VisualLineNumber":37,"TextType":"Unknown"},{"Box":[488.08,271.78,66.41,8.0],"Polygon":[271.78,488.08,338.19,488.08,338.19,496.08,271.78,496.08],"IndexInText":2232,"OcrConfidence":1.0,"Text":"orearlierreturns","VisualLineNumber":37,"TextType":"Unknown"},{"Box":[496.08,60.54,91.48,8.8],"Polygon":[60.54,496.08,152.02,496.08,152.02,504.88,60.54,504.88],"IndexInText":2249,"OcrConfidence":1.0,"Text":"only).Seeinstructions.","VisualLineNumber":38,"TextType":"Unknown"}]},{"IndexInText":2272,"Length":157,"Type":"Other","Words":[{"Box":[507.81,37.07,10.93,8.0],"Polygon":[37.07,507.81,48.01,507.81,48.01,515.82,37.07,515.82],"IndexInText":2272,"OcrConfidence":1.0,"Text":"10","VisualLineNumber":39,"TextType":"Unknown"},{"Box":[507.55,60.28,46.41,10.14],"Polygon":[60.28,507.55,106.68,507.55,106.68,517.68,60.28,517.68],"IndexInText":2275,"OcrConfidence":1.0,"Text":"Othertaxes","VisualLineNumber":39,"TextType":"Unknown"},{"Box":[519.55,37.07,10.4,7.2],"Polygon":[37.07,519.55,47.47,519.55,47.47,526.75,37.07,526.75],"IndexInText":2286,"OcrConfidence":1.0,"Text":"11","VisualLineNumber":40,"TextType":"Unknown"},{"Box":[519.02,59.74,124.29,10.4],"Polygon":[59.74,519.02,184.03,519.02,184.03,529.42,59.74,529.42],"IndexInText":2289,"OcrConfidence":1.0,"Text":"Totaltax.Addlines8,9,and10","VisualLineNumber":40,"TextType":"Unknown"},{"Box":[531.28,32.81,46.67,10.14],"Polygon":[32.81,531.28,79.48,531.28,79.48,541.42,32.81,541.42],"IndexInText":2316,"OcrConfidence":1.0,"Text":"Payments","VisualLineNumber":41,"TextType":"Unknown"},{"Box":[543.55,36.54,10.94,8.27],"Polygon":[36.54,543.55,47.47,543.55,47.47,551.82,36.54,551.82],"IndexInText":2325,"OcrConfidence":1.0,"Text":"12","VisualLineNumber":42,"TextType":"Unknown"},{"Box":[543.55,59.74,277.91,11.74],"Polygon":[59.74,543.55,337.65,543.55,337.65,555.29,59.74,555.29],"IndexInText":2328,"OcrConfidence":1.0,"Text":"Federalincometaxwithheldandexcesssocialsecurityandtier1RRTA","VisualLineNumber":42,"TextType":"Unknown"},{"Box":[553.69,59.74,172.56,12.27],"Polygon":[59.74,553.69,232.3,553.69,232.3,565.96,59.74,565.96],"IndexInText":2388,"OcrConfidence":1.0,"Text":"taxwithheld.(lfchanging,seeinstructions.)","VisualLineNumber":43,"TextType":"Unknown"}]}]},{"IndexInText":2431,"Language":"und","Length":1,"Rotation":"None","SkewAngle":-0.3,"Type":"Paragraph","WordGroups":[{"IndexInText":2431,"Length":1,"Type":"Other","Words":[{"Box":[476.34,352.06,5.87,7.47],"Polygon":[352.06,476.34,357.92,476.34,357.92,483.81,352.06,483.81],"IndexInText":2431,"OcrConfidence":1.0,"Text":"8","VisualLineNumber":36,"TextType":"Unknown"}]}]},{"IndexInText":2434,"Language":"tur","Length":7,"Rotation":"None","SkewAngle":-0.3,"Type":"Paragraph","WordGroups":[{"IndexInText":2434,"Length":7,"Type":"Other","Words":[{"Box":[499.81,351.52,6.4,7.2],"Polygon":[351.52,499.81,357.92,499.81,357.92,507.01,351.52,507.01],"IndexInText":2434,"OcrConfidence":1.0,"Text":"9","VisualLineNumber":38,"TextType":"Unknown"},{"Box":[510.75,349.12,11.2,8.0],"Polygon":[349.12,510.75,360.32,510.75,360.32,518.75,349.12,518.75],"IndexInText":2436,"OcrConfidence":1.0,"Text":"10","VisualLineNumber":39,"TextType":"Unknown"},{"Box":[522.48,349.12,10.4,7.2],"Polygon":[349.12,522.48,359.52,522.48,359.52,529.68,349.12,529.68],"IndexInText":2439,"OcrConfidence":1.0,"Text":"11","VisualLineNumber":40,"TextType":"Unknown"}]}]},{"IndexInText":2443,"Language":"und","Length":2,"Rotation":"None","SkewAngle":-0.3,"Type":"Paragraph","WordGroups":[{"IndexInText":2443,"Length":2,"Type":"Other","Words":[{"Box":[557.42,348.59,10.93,7.47],"Polygon":[348.59,557.42,359.52,557.42,359.52,564.89,348.59,564.89],"IndexInText":2443,"OcrConfidence":1.0,"Text":"12","VisualLineNumber":43,"TextType":"Unknown"}]}]},{"IndexInText":2447,"Language":"eng","Length":70,"Rotation":"None","SkewAngle":-0.3,"Type":"Paragraph","WordGroups":[{"IndexInText":2447,"Length":70,"Type":"Heading","Words":[{"Box":[565.69,36.54,10.13,8.0],"Polygon":[36.54,565.69,46.67,565.69,46.67,573.69,36.54,573.69],"IndexInText":2447,"OcrConfidence":1.0,"Text":"13","VisualLineNumber":44,"TextType":"Unknown"},{"Box":[565.96,59.74,277.91,11.47],"Polygon":[59.74,565.96,337.65,565.96,337.65,577.43,59.74,577.43],"IndexInText":2450,"OcrConfidence":1.0,"Text":"Estimatedtaxpayments,includingamountappliedfromprioryear'sreturn","VisualLineNumber":44,"TextType":"Unknown"},{"Box":[568.62,348.59,10.93,7.2],"Polygon":[348.59,568.62,359.52,568.62,359.52,575.82,348.59,575.82],"IndexInText":2515,"OcrConfidence":1.0,"Text":"13","VisualLineNumber":44,"TextType":"Unknown"}]}]},{"IndexInText":2519,"Language":"eng","Length":116,"Rotation":"None","SkewAngle":-0.3,"Type":"Paragraph","WordGroups":[{"IndexInText":2519,"Length":116,"Type":"Other","Words":[{"Box":[577.16,36.54,10.13,7.47],"Polygon":[36.54,577.16,46.67,577.16,46.67,584.63,36.54,584.63],"IndexInText":2519,"OcrConfidence":1.0,"Text":"14","VisualLineNumber":45,"TextType":"Unknown"},{"Box":[576.89,59.74,104.55,10.14],"Polygon":[59.74,576.89,164.29,576.89,164.29,587.03,59.74,587.03],"IndexInText":2522,"OcrConfidence":1.0,"Text":"Earnedincomecredit(EIC)","VisualLineNumber":45,"TextType":"Unknown"},{"Box":[587.56,35.74,10.93,8.0],"Polygon":[35.74,587.56,46.67,587.56,46.67,595.56,35.74,595.56],"IndexInText":2546,"OcrConfidence":1.0,"Text":"15","VisualLineNumber":46,"TextType":"Unknown"},{"Box":[588.89,59.74,92.81,8.0],"Polygon":[59.74,588.89,152.56,588.89,152.56,596.89,59.74,596.89],"IndexInText":2549,"OcrConfidence":1.0,"Text":"Refundablecreditsfrom:","VisualLineNumber":46,"TextType":"Unknown"},{"Box":[589.69,167.23,58.41,8.0],"Polygon":[167.23,589.69,225.64,589.69,225.64,597.69,167.23,597.69],"IndexInText":2572,"OcrConfidence":1.0,"Text":"Schedule8812","VisualLineNumber":46,"TextType":"Unknown"},{"Box":[590.49,232.3,30.67,9.33],"Polygon":[232.3,590.49,262.97,590.49,262.97,599.83,232.3,599.83],"IndexInText":2585,"OcrConfidence":1.0,"Text":"Form(s)","VisualLineNumber":46,"TextType":"Unknown"},{"Box":[590.49,276.04,21.34,8.8],"Polygon":[276.04,590.49,297.38,590.49,297.38,599.3,276.04,599.3],"IndexInText":2593,"OcrConfidence":1.0,"Text":"2439","VisualLineNumber":46,"TextType":"Unknown"},{"Box":[591.29,317.92,20.27,8.0],"Polygon":[317.92,591.29,338.19,591.29,338.19,599.3,317.92,599.3],"IndexInText":2598,"OcrConfidence":1.0,"Text":"4136","VisualLineNumber":46,"TextType":"Unknown"},{"Box":[599.83,69.34,20.54,8.27],"Polygon":[69.34,599.83,89.88,599.83,89.88,608.1,69.34,608.1],"IndexInText":2603,"OcrConfidence":1.0,"Text":"8863","VisualLineNumber":47,"TextType":"Unknown"},{"Box":[600.63,110.95,21.34,8.0],"Polygon":[110.95,600.63,132.29,600.63,132.29,608.63,110.95,608.63],"IndexInText":2608,"OcrConfidence":1.0,"Text":"8885","VisualLineNumber":47,"TextType":"Unknown"},{"Box":[600.36,152.29,32.0,9.33],"Polygon":[152.29,600.36,184.3,600.36,184.3,609.7,152.29,609.7],"IndexInText":2613,"OcrConfidence":1.0,"Text":"8962or","VisualLineNumber":47,"TextType":"Unknown"},{"Box":[601.43,201.63,58.41,10.13],"Polygon":[201.63,601.43,260.04,601.43,260.04,611.56,201.63,611.56],"IndexInText":2620,"OcrConfidence":1.0,"Text":"other(specify):","VisualLineNumber":47,"TextType":"Unknown"}]}]},{"IndexInText":2637,"Language":"tur","Length":5,"Rotation":"None","SkewAngle":-0.3,"Type":"Paragraph","WordGroups":[{"IndexInText":2637,"Length":5,"Type":"Other","Words":[{"Box":[580.09,348.59,10.93,7.47],"Polygon":[348.59,580.09,359.52,580.09,359.52,587.56,348.59,587.56],"IndexInText":2637,"OcrConfidence":1.0,"Text":"14","VisualLineNumber":45,"TextType":"Unknown"},{"Box":[602.76,347.79,10.94,8.27],"Polygon":[347.79,602.76,358.72,602.76,358.72,611.03,347.79,611.03],"IndexInText":2640,"OcrConfidence":1.0,"Text":"15","VisualLineNumber":47,"TextType":"Unknown"}]}]},{"IndexInText":2644,"Language":"eng","Length":94,"Rotation":"None","SkewAngle":-0.3,"Type":"Paragraph","WordGroups":[{"IndexInText":2644,"Length":94,"Type":"Heading","Words":[{"Box":[612.36,35.74,10.93,8.8],"Polygon":[35.74,612.36,46.67,612.36,46.67,621.17,35.74,621.17],"IndexInText":2644,"OcrConfidence":1.0,"Text":"16","VisualLineNumber":48,"TextType":"Unknown"},{"Box":[612.36,58.41,267.51,11.74],"Polygon":[58.41,612.36,325.92,612.36,325.92,624.1,58.41,624.1],"IndexInText":2647,"OcrConfidence":1.0,"Text":"Totalamountpaidwithrequestforextensionoftimetofile,taxpaid","VisualLineNumber":48,"TextType":"Unknown"},{"Box":[615.03,327.25,134.69,10.4],"Polygon":[327.25,615.03,461.94,615.03,461.94,625.43,327.25,625.43],"IndexInText":2706,"OcrConfidence":1.0,"Text":"withoriginalreturn,andadditional","VisualLineNumber":48,"TextType":"Unknown"}]}]},{"IndexInText":2740,"Language":"eng","Length":308,"Rotation":"None","SkewAngle":-0.3,"Type":"Paragraph","WordGroups":[{"IndexInText":2740,"Length":308,"Type":"Other","Words":[{"Box":[623.3,58.41,114.68,8.8],"Polygon":[58.41,623.3,173.09,623.3,173.09,632.1,58.41,632.1],"IndexInText":2740,"OcrConfidence":1.0,"Text":"taxpaidafterreturnwasfiled","VisualLineNumber":49,"TextType":"Unknown"},{"Box":[633.43,35.74,10.13,7.47],"Polygon":[35.74,633.43,45.87,633.43,45.87,640.9,35.74,640.9],"IndexInText":2767,"OcrConfidence":1.0,"Text":"17","VisualLineNumber":50,"TextType":"Unknown"},{"Box":[633.43,58.41,246.97,11.2],"Polygon":[58.41,633.43,305.38,633.43,305.38,644.64,58.41,644.64],"IndexInText":2770,"OcrConfidence":1.0,"Text":"Totalpayments.Addlines12through15,columnC,andline16","VisualLineNumber":50,"TextType":"Unknown"},{"Box":[644.64,31.2,129.62,11.74],"Polygon":[31.2,644.64,160.83,644.64,160.83,656.37,31.2,656.37],"IndexInText":2822,"OcrConfidence":1.0,"Text":"RefundorAmountYouOwe","VisualLineNumber":51,"TextType":"Unknown"},{"Box":[656.1,34.94,10.94,8.27],"Polygon":[34.94,656.1,45.87,656.1,45.87,664.37,34.94,664.37],"IndexInText":2843,"OcrConfidence":1.0,"Text":"18","VisualLineNumber":52,"TextType":"Unknown"},{"Box":[656.64,58.14,329.12,12.54],"Polygon":[58.14,656.64,387.26,656.64,387.26,669.17,58.14,669.17],"IndexInText":2846,"OcrConfidence":1.0,"Text":"Overpayment,ifany,asshownonoriginalreturnoraspreviouslyadjustedbytheIRS","VisualLineNumber":52,"TextType":"Unknown"},{"Box":[667.84,34.94,10.94,8.0],"Polygon":[34.94,667.84,45.87,667.84,45.87,675.84,34.94,675.84],"IndexInText":2918,"OcrConfidence":1.0,"Text":"19","VisualLineNumber":53,"TextType":"Unknown"},{"Box":[667.84,58.14,248.84,11.73],"Polygon":[58.14,667.84,306.98,667.84,306.98,679.57,58.14,679.57],"IndexInText":2921,"OcrConfidence":1.0,"Text":"Subtractline18fromline17.(lflessthanzero,seeinstructions.)","VisualLineNumber":53,"TextType":"Unknown"},{"Box":[679.57,34.14,10.94,7.47],"Polygon":[34.14,679.57,45.07,679.57,45.07,687.04,34.14,687.04],"IndexInText":2980,"OcrConfidence":1.0,"Text":"20","VisualLineNumber":54,"TextType":"Unknown"},{"Box":[679.57,57.61,309.92,12.0],"Polygon":[57.61,679.57,367.52,679.57,367.52,691.58,57.61,691.58],"IndexInText":2983,"OcrConfidence":1.0,"Text":"Amountyouowe.lfline11,columnC,ismorethanline19,enterthedifference","VisualLineNumber":54,"TextType":"Unknown"}]}]},{"IndexInText":3050,"Language":"tur","Length":5,"Rotation":"None","SkewAngle":-0.3,"Type":"Paragraph","WordGroups":[{"IndexInText":3050,"Length":5,"Type":"Other","Words":[{"Box":[627.03,472.07,10.94,7.2],"Polygon":[472.07,627.03,483.01,627.03,483.01,634.23,472.07,634.23],"IndexInText":3050,"OcrConfidence":1.0,"Text":"16","VisualLineNumber":49,"TextType":"Unknown"},{"Box":[637.97,472.07,10.94,7.2],"Polygon":[472.07,637.97,483.01,637.97,483.01,645.17,472.07,645.17],"IndexInText":3053,"OcrConfidence":1.0,"Text":"17","VisualLineNumber":50,"TextType":"Unknown"}]}]},{"IndexInText":3057,"Language":"tur","Length":8,"Rotation":"None","SkewAngle":-0.3,"Type":"Paragraph","WordGroups":[{"IndexInText":3057,"Length":8,"Type":"Other","Words":[{"Box":[660.64,472.07,10.13,8.0],"Polygon":[472.07,660.64,482.21,660.64,482.21,668.64,472.07,668.64],"IndexInText":3057,"OcrConfidence":1.0,"Text":"18","VisualLineNumber":52,"TextType":"Unknown"},{"Box":[672.37,472.07,10.13,7.2],"Polygon":[472.07,672.37,482.21,672.37,482.21,679.57,472.07,679.57],"IndexInText":3060,"OcrConfidence":1.0,"Text":"19","VisualLineNumber":53,"TextType":"Unknown"},{"Box":[684.11,471.27,10.93,7.2],"Polygon":[471.27,684.11,482.21,684.11,482.21,691.31,471.27,691.31],"IndexInText":3063,"OcrConfidence":1.0,"Text":"20","VisualLineNumber":54,"TextType":"Unknown"}]}]},{"IndexInText":3067,"Language":"eng","Length":94,"Rotation":"None","SkewAngle":-0.3,"Type":"Paragraph","WordGroups":[{"IndexInText":3067,"Length":94,"Type":"Heading","Words":[{"Box":[690.51,34.14,10.4,8.0],"Polygon":[34.14,690.51,44.54,690.51,44.54,698.51,34.14,698.51],"IndexInText":3067,"OcrConfidence":1.0,"Text":"21","VisualLineNumber":55,"TextType":"Unknown"},{"Box":[690.24,57.61,398.46,14.14],"Polygon":[57.61,690.24,456.07,690.24,456.07,704.38,57.61,704.38],"IndexInText":3070,"OcrConfidence":1.0,"Text":"lfline11,columnC,islessthanline19,enterthedifference.Thisistheamountoverpaidonthisreturn","VisualLineNumber":55,"TextType":"Unknown"},{"Box":[695.04,471.27,10.13,7.2],"Polygon":[471.27,695.04,481.41,695.04,481.41,702.24,471.27,702.24],"IndexInText":3159,"OcrConfidence":1.0,"Text":"21","VisualLineNumber":55,"TextType":"Unknown"}]}]},{"IndexInText":3163,"Language":"eng","Length":102,"Rotation":"None","SkewAngle":-0.3,"Type":"Paragraph","WordGroups":[{"IndexInText":3163,"Length":102,"Type":"Other","Words":[{"Box":[702.24,34.14,10.94,7.2],"Polygon":[34.14,702.24,45.07,702.24,45.07,709.45,34.14,709.45],"IndexInText":3163,"OcrConfidence":1.0,"Text":"22","VisualLineNumber":56,"TextType":"Unknown"},{"Box":[701.18,57.61,174.16,12.27],"Polygon":[57.61,701.18,231.77,701.18,231.77,713.45,57.61,713.45],"IndexInText":3166,"OcrConfidence":1.0,"Text":"Amountofline21youwantrefundedtoyou","VisualLineNumber":56,"TextType":"Unknown"},{"Box":[713.18,34.14,10.94,8.8],"Polygon":[34.14,713.18,45.07,713.18,45.07,721.98,34.14,721.98],"IndexInText":3201,"OcrConfidence":1.0,"Text":"23","VisualLineNumber":57,"TextType":"Unknown"},{"Box":[713.18,57.61,217.9,12.0],"Polygon":[57.61,713.18,275.51,713.18,275.51,725.18,57.61,725.18],"IndexInText":3204,"OcrConfidence":1.0,"Text":"Amountofline21youwantappliedtoyourenteryear):","VisualLineNumber":57,"TextType":"Unknown"},{"Box":[716.91,319.25,57.08,8.0],"Polygon":[319.25,716.91,376.33,716.91,376.33,724.91,319.25,724.91],"IndexInText":3250,"OcrConfidence":1.0,"Text":"estimatedtax","VisualLineNumber":57,"TextType":"Unknown"},{"Box":[717.71,388.06,10.14,7.2],"Polygon":[388.06,717.71,398.2,717.71,398.2,724.91,388.06,724.91],"IndexInText":3263,"OcrConfidence":1.0,"Text":"23","VisualLineNumber":57,"TextType":"Unknown"}]}]},{"IndexInText":3267,"Language":"eng","Length":34,"Rotation":"None","SkewAngle":-0.3,"Type":"Paragraph","WordGroups":[{"IndexInText":3267,"Length":34,"Type":"Other","Words":[{"Box":[706.78,470.47,11.74,7.2],"Polygon":[470.47,706.78,482.21,706.78,482.21,713.98,470.47,713.98],"IndexInText":3267,"OcrConfidence":1.0,"Text":"22","VisualLineNumber":56,"TextType":"Unknown"},{"Box":[728.92,404.06,145.62,10.14],"Polygon":[404.06,728.92,549.69,728.92,549.69,739.05,404.06,739.05],"IndexInText":3270,"OcrConfidence":1.0,"Text":"Completeandsignthisformonpage2.","VisualLineNumber":58,"TextType":"Unknown"}]}]},{"IndexInText":3303,"Language":"eng","Length":47,"Rotation":"None","SkewAngle":-0.3,"Type":"Paragraph","WordGroups":[{"IndexInText":3303,"Length":47,"Type":"Other","Words":[{"Box":[737.18,29.6,200.57,11.47],"Polygon":[29.6,737.18,230.17,737.18,230.17,748.65,29.6,748.65],"IndexInText":3303,"OcrConfidence":1.0,"Text":"ForPaperworkReductionActNotice,seeinstructions.","VisualLineNumber":59,"TextType":"Unknown"}]}]},{"IndexInText":3352,"Language":"ita","Length":13,"Rotation":"None","SkewAngle":-0.3,"Type":"Paragraph","WordGroups":[{"IndexInText":3352,"Length":13,"Type":"Other","Words":[{"Box":[740.92,315.52,51.21,7.47],"Polygon":[315.52,740.92,366.72,740.92,366.72,748.38,315.52,748.38],"IndexInText":3352,"OcrConfidence":1.0,"Text":"Cat.No.11360L","VisualLineNumber":59,"TextType":"Unknown"}]}]},{"IndexInText":3367,"Language":"dan","Length":22,"Rotation":"None","SkewAngle":-0.3,"Type":"Paragraph","WordGroups":[{"IndexInText":3367,"Length":22,"Type":"Other","Words":[{"Box":[739.58,455.81,93.88,12.8],"Polygon":[455.81,739.58,549.69,739.58,549.69,752.39,455.81,752.39],"IndexInText":3367,"OcrConfidence":1.0,"Text":"Form1040-X(Rev.1-2020)","VisualLineNumber":59,"TextType":"Unknown"}]}]}],"ProcessingSource":"Ocr","IndexInText":0,"TextLength":3389,"SkewAngle":-0.3,"Rotation":"None","PageMetadata":[{"Key":"ImageHash","Value":"44265b36a7a8c2d0f148d709b0effe1f"},{"Key":"OcrConfidence","Value":"0"}]},{"PageIndex":1,"Size":[0.0,0.0,595.0,842.0],"Sections":[{"IndexInText":3391,"Language":"fra","Length":52,"Rotation":"None","SkewAngle":-0.1,"Type":"Paragraph","WordGroups":[{"IndexInText":3391,"Length":52,"Type":"Heading","Words":[{"Box":[105.08,39.21,82.68,7.47],"Polygon":[39.21,105.08,121.89,105.08,121.89,112.55,39.21,112.55],"IndexInText":3391,"OcrConfidence":1.0,"Text":"Form1040-X(Rev.1-2020)","VisualLineNumber":0,"TextType":"Unknown"},{"Box":[116.82,45.07,26.4,8.8],"Polygon":[45.07,116.82,71.48,116.82,71.48,125.62,45.07,125.62],"IndexInText":3414,"OcrConfidence":1.0,"Text":"PartI","VisualLineNumber":1,"TextType":"Unknown"},{"Box":[116.02,87.48,133.09,10.4],"Polygon":[87.48,116.02,220.57,116.02,220.57,126.42,87.48,126.42],"IndexInText":3420,"OcrConfidence":1.0,"Text":"ExemptionsandDependents","VisualLineNumber":1,"TextType":"Unknown"}]}]},{"IndexInText":3445,"Language":"fra","Length":5,"Rotation":"None","SkewAngle":-0.1,"Type":"Paragraph","WordGroups":[{"IndexInText":3445,"Length":5,"Type":"Other","Words":[{"Box":[103.75,532.62,24.27,9.34],"Polygon":[532.62,103.75,556.89,103.75,556.89,113.08,532.62,113.08],"IndexInText":3445,"OcrConfidence":1.0,"Text":"Page2","VisualLineNumber":0,"TextType":"Unknown"}]}]},{"IndexInText":3452,"Language":"eng","Length":249,"Rotation":"None","SkewAngle":-0.1,"Type":"Paragraph","WordGroups":[{"IndexInText":3452,"Length":249,"Type":"Sentence","Words":[{"Box":[129.35,39.21,518.22,10.14],"Polygon":[39.21,129.35,557.42,129.35,557.42,139.49,39.21,139.49],"IndexInText":3452,"OcrConfidence":1.0,"Text":"Completethispartonlyifanyinformationrelatingtoexemptions(todependentsifamendingyour2018orlaterreturnhaschanged","VisualLineNumber":2,"TextType":"Unknown"},{"Box":[138.96,39.21,518.48,10.94],"Polygon":[39.21,138.96,557.69,138.96,557.69,149.89,39.21,149.89],"IndexInText":3563,"OcrConfidence":1.0,"Text":"fromwhatyoureportedonthereturnyouareamending.Thiswouldincludeachangeinthenumberofexemptions(ofdependentsif","VisualLineNumber":3,"TextType":"Unknown"},{"Box":[150.42,39.21,139.76,9.6],"Polygon":[39.21,150.42,178.96,150.42,178.96,160.03,39.21,160.03],"IndexInText":3670,"OcrConfidence":1.0,"Text":"amendingyour2018orlaterreturn).","VisualLineNumber":4,"TextType":"Unknown"}]}]},{"IndexInText":3703,"Language":"eng","Length":97,"Rotation":"None","SkewAngle":-0.1,"Type":"Paragraph","WordGroups":[{"IndexInText":3703,"Length":97,"Type":"Other","Words":[{"Box":[164.29,66.41,277.64,8.8],"Polygon":[66.41,164.29,344.05,164.29,344.05,173.09,66.41,173.09],"IndexInText":3703,"OcrConfidence":1.0,"Text":"Foramended2018orlaterretunsonlyleavelines24,28,and29blank.","VisualLineNumber":5,"TextType":"Unknown"},{"Box":[166.43,370.46,60.54,7.47],"Polygon":[370.46,166.43,431.0,166.43,431.0,173.89,370.46,173.89],"IndexInText":3762,"OcrConfidence":1.0,"Text":"A.Originalnumber","VisualLineNumber":5,"TextType":"Unknown"},{"Box":[167.23,439.8,46.14,7.2],"Polygon":[439.8,167.23,485.94,167.23,485.94,174.43,439.8,174.43],"IndexInText":3779,"OcrConfidence":1.0,"Text":"B.Netchange","VisualLineNumber":5,"TextType":"Unknown"},{"Box":[167.23,507.81,35.21,6.67],"Polygon":[507.81,167.23,543.02,167.23,543.02,173.89,507.81,173.89],"IndexInText":3791,"OcrConfidence":1.0,"Text":"C.Correct","VisualLineNumber":5,"TextType":"Unknown"}]}]},{"IndexInText":3802,"Language":"eng","Length":32,"Rotation":"None","SkewAngle":-0.1,"Type":"Paragraph","WordGroups":[{"IndexInText":3802,"Length":32,"Type":"Other","Words":[{"Box":[178.16,40.81,6.67,2.93],"Polygon":[40.81,178.16,47.47,178.16,47.47,181.1,40.81,181.1],"IndexInText":3802,"OcrConfidence":1.0,"Text":"1","VisualLineNumber":6,"TextType":"Unknown"},{"Box":[174.43,66.41,118.42,8.8],"Polygon":[66.41,174.43,184.83,174.43,184.83,183.23,66.41,183.23],"IndexInText":3804,"OcrConfidence":1.0,"Text":"Fillinallotherapplicablelines.","VisualLineNumber":6,"TextType":"Unknown"}]}]},{"IndexInText":3836,"Language":"eng","Length":29,"Rotation":"None","SkewAngle":-0.1,"Type":"Paragraph","WordGroups":[{"IndexInText":3836,"Length":29,"Type":"Other","Words":[{"Box":[173.89,374.19,54.68,7.2],"Polygon":[374.19,173.89,428.87,173.89,428.87,181.1,374.19,181.1],"IndexInText":3836,"OcrConfidence":1.0,"Text":"ofexemptionsor","VisualLineNumber":6,"TextType":"Unknown"},{"Box":[181.1,374.73,52.01,8.0],"Polygon":[374.73,181.1,426.73,181.1,426.73,189.1,374.73,189.1],"IndexInText":3851,"OcrConfidence":1.0,"Text":"amountreported","VisualLineNumber":7,"TextType":"Unknown"}]}]},{"IndexInText":3867,"Language":"eng","Length":15,"Rotation":"None","SkewAngle":-0.1,"Type":"Paragraph","WordGroups":[{"IndexInText":3867,"Length":15,"Type":"Other","Words":[{"Box":[174.43,511.55,26.94,6.67],"Polygon":[511.55,174.43,538.49,174.43,538.49,181.1,511.55,181.1],"IndexInText":3867,"OcrConfidence":1.0,"Text":"number","VisualLineNumber":6,"TextType":"Unknown"},{"Box":[181.9,507.81,34.41,6.67],"Polygon":[507.81,181.9,542.22,181.9,542.22,188.56,507.81,188.56],"IndexInText":3874,"OcrConfidence":1.0,"Text":"oramount","VisualLineNumber":7,"TextType":"Unknown"}]}]},{"IndexInText":3884,"Language":"eng","Length":138,"Rotation":"None","SkewAngle":-0.1,"Type":"Paragraph","WordGroups":[{"IndexInText":3884,"Length":138,"Type":"Other","Words":[{"Box":[184.83,66.94,267.78,10.67],"Polygon":[66.94,184.83,334.72,184.83,334.72,195.5,66.94,195.5],"IndexInText":3884,"OcrConfidence":1.0,"Text":"Note:SeetheForms1040and1040-SR,orForm1040A,instructions","VisualLineNumber":8,"TextType":"Unknown"},{"Box":[188.56,377.13,47.47,7.2],"Polygon":[377.13,188.56,424.6,188.56,424.6,195.76,377.13,195.76],"IndexInText":3940,"OcrConfidence":1.0,"Text":"oraspreviously","VisualLineNumber":8,"TextType":"Unknown"},{"Box":[195.5,66.41,276.31,10.67],"Polygon":[66.41,195.5,342.72,195.5,342.72,206.17,66.41,206.17],"IndexInText":3955,"OcrConfidence":1.0,"Text":"forthetaxyearbeingamendedSeealsotheForm1040-Xinstructions.","VisualLineNumber":9,"TextType":"Unknown"},{"Box":[195.76,387.26,26.94,6.67],"Polygon":[387.26,195.76,414.2,195.76,414.2,202.43,387.26,202.43],"IndexInText":4014,"OcrConfidence":1.0,"Text":"adjusted","VisualLineNumber":9,"TextType":"Unknown"}]}]},{"IndexInText":4024,"Language":"eng","Length":114,"Rotation":"None","SkewAngle":-0.1,"Type":"Paragraph","WordGroups":[{"IndexInText":4024,"Length":114,"Type":"Other","Words":[{"Box":[210.97,42.94,10.94,8.27],"Polygon":[42.94,210.97,53.88,210.97,53.88,219.23,42.94,219.23],"IndexInText":4024,"OcrConfidence":1.0,"Text":"24","VisualLineNumber":10,"TextType":"Unknown"},{"Box":[210.43,66.41,90.68,9.87],"Polygon":[66.41,210.43,157.09,210.43,157.09,220.3,66.41,220.3],"IndexInText":4027,"OcrConfidence":1.0,"Text":"Yourselfandspouse.","VisualLineNumber":10,"TextType":"Unknown"},{"Box":[209.63,162.16,181.36,11.47],"Polygon":[162.16,209.63,343.52,209.63,343.52,221.1,162.16,221.1],"IndexInText":4046,"OcrConfidence":1.0,"Text":"Caution:lfsomeonecanclaimyouasa","VisualLineNumber":10,"TextType":"Unknown"},{"Box":[221.37,66.41,277.11,9.33],"Polygon":[66.41,221.37,343.52,221.37,343.52,230.7,66.41,230.7],"IndexInText":4078,"OcrConfidence":1.0,"Text":"dependent,youcan'tclaimanexemptionforyourself.lfamendingyour","VisualLineNumber":11,"TextType":"Unknown"}]}]},{"IndexInText":4140,"Language":"eng","Length":72,"Rotation":"None","SkewAngle":-0.1,"Type":"Paragraph","WordGroups":[{"IndexInText":4140,"Length":72,"Type":"Heading","Words":[{"Box":[231.5,66.41,138.96,8.8],"Polygon":[66.41,231.5,205.37,231.5,205.37,240.31,66.41,240.31],"IndexInText":4140,"OcrConfidence":1.0,"Text":"2018orlaterreturn,leavelineblank","VisualLineNumber":12,"TextType":"Unknown"},{"Box":[243.24,42.94,10.94,8.0],"Polygon":[42.94,243.24,53.88,243.24,53.88,251.24,42.94,251.24],"IndexInText":4173,"OcrConfidence":1.0,"Text":"25","VisualLineNumber":13,"TextType":"Unknown"},{"Box":[243.24,66.41,169.63,8.8],"Polygon":[66.41,243.24,236.04,243.24,236.04,252.04,66.41,252.04],"IndexInText":4176,"OcrConfidence":1.0,"Text":"Yourdependentchildrenwholivedwithyou","VisualLineNumber":13,"TextType":"Unknown"}]}]},{"IndexInText":4214,"Language":"tur","Length":5,"Rotation":"None","SkewAngle":-0.1,"Type":"Paragraph","WordGroups":[{"IndexInText":4214,"Length":5,"Type":"Other","Words":[{"Box":[231.5,353.66,10.93,8.0],"Polygon":[353.66,231.5,364.59,231.5,364.59,239.5,353.66,239.5],"IndexInText":4214,"OcrConfidence":1.0,"Text":"24","VisualLineNumber":12,"TextType":"Unknown"},{"Box":[243.24,353.66,10.93,7.2],"Polygon":[353.66,243.24,364.59,243.24,364.59,250.44,353.66,250.44],"IndexInText":4217,"OcrConfidence":1.0,"Text":"25","VisualLineNumber":13,"TextType":"Unknown"}]}]},{"IndexInText":4221,"Language":"eng","Length":70,"Rotation":"None","SkewAngle":-0.1,"Type":"Paragraph","WordGroups":[{"IndexInText":4221,"Length":70,"Type":"Heading","Words":[{"Box":[254.97,42.94,10.94,7.2],"Polygon":[42.94,254.97,53.88,254.97,53.88,262.18,42.94,262.18],"IndexInText":4221,"OcrConfidence":1.0,"Text":"26","VisualLineNumber":14,"TextType":"Unknown"},{"Box":[253.37,66.41,277.11,10.94],"Polygon":[66.41,253.37,343.52,253.37,343.52,264.31,66.41,264.31],"IndexInText":4224,"OcrConfidence":1.0,"Text":"Yourdependentchildrenwhodidntlivewithyouduetodivorceorseparation","VisualLineNumber":14,"TextType":"Unknown"},{"Box":[254.17,353.66,10.93,8.0],"Polygon":[353.66,254.17,364.59,254.17,364.59,262.18,353.66,262.18],"IndexInText":4289,"OcrConfidence":1.0,"Text":"26","VisualLineNumber":14,"TextType":"Unknown"}]}]},{"IndexInText":4293,"Language":"eng","Length":335,"Rotation":"None","SkewAngle":-0.1,"Type":"Paragraph","WordGroups":[{"IndexInText":4293,"Length":335,"Type":"Sentence","Words":[{"Box":[265.91,42.94,10.94,8.8],"Polygon":[42.94,265.91,53.88,265.91,53.88,274.71,42.94,274.71],"IndexInText":4293,"OcrConfidence":1.0,"Text":"27","VisualLineNumber":15,"TextType":"Unknown"},{"Box":[265.91,66.41,70.94,8.8],"Polygon":[66.41,265.91,137.36,265.91,137.36,274.71,66.41,274.71],"IndexInText":4296,"OcrConfidence":1.0,"Text":"Otherdependents","VisualLineNumber":15,"TextType":"Unknown"},{"Box":[278.44,42.94,10.94,7.2],"Polygon":[42.94,278.44,53.88,278.44,53.88,285.65,42.94,285.65],"IndexInText":4312,"OcrConfidence":1.0,"Text":"28","VisualLineNumber":16,"TextType":"Unknown"},{"Box":[277.64,65.61,277.91,9.34],"Polygon":[65.61,277.64,343.52,277.64,343.52,286.98,65.61,286.98],"IndexInText":4315,"OcrConfidence":1.0,"Text":"Totalnumberofexemptions.Addlines24through27.lfamendingyour","VisualLineNumber":16,"TextType":"Unknown"},{"Box":[288.58,65.61,139.76,8.0],"Polygon":[65.61,288.58,205.37,288.58,205.37,296.58,65.61,296.58],"IndexInText":4374,"OcrConfidence":1.0,"Text":"2018orlaterreturn,leavelineblank","VisualLineNumber":17,"TextType":"Unknown"},{"Box":[302.45,42.94,10.4,7.2],"Polygon":[42.94,302.45,53.34,302.45,53.34,309.65,42.94,309.65],"IndexInText":4407,"OcrConfidence":1.0,"Text":"29","VisualLineNumber":18,"TextType":"Unknown"},{"Box":[301.11,66.41,276.31,10.14],"Polygon":[66.41,301.11,342.72,301.11,342.72,311.25,66.41,311.25],"IndexInText":4410,"OcrConfidence":1.0,"Text":"Multiplythenumberofexemptionsclaimedonine28bytheexemption","VisualLineNumber":18,"TextType":"Unknown"},{"Box":[312.58,66.41,202.43,8.27],"Polygon":[66.41,312.58,268.84,312.58,268.84,320.85,66.41,320.85],"IndexInText":4468,"OcrConfidence":1.0,"Text":"amountshownintheinstructionsforline29for","VisualLineNumber":19,"TextType":"Unknown"},{"Box":[312.58,270.98,14.67,8.27],"Polygon":[270.98,312.58,285.65,312.58,285.65,320.85,270.98,320.85],"IndexInText":4509,"OcrConfidence":1.0,"Text":"the","VisualLineNumber":19,"TextType":"Unknown"},{"Box":[313.38,288.58,54.14,8.0],"Polygon":[288.58,313.38,342.72,313.38,342.72,321.38,288.58,321.38],"IndexInText":4513,"OcrConfidence":1.0,"Text":"yearyouare","VisualLineNumber":19,"TextType":"Unknown"},{"Box":[321.92,65.61,277.91,10.67],"Polygon":[65.61,321.92,343.52,321.92,343.52,332.59,65.61,332.59],"IndexInText":4524,"OcrConfidence":1.0,"Text":"amending.Entertheresulthereandonline4aonpage1ofthisform.lf","VisualLineNumber":20,"TextType":"Unknown"},{"Box":[332.32,65.61,206.17,10.67],"Polygon":[65.61,332.32,271.78,332.32,271.78,342.99,65.61,342.99],"IndexInText":4583,"OcrConfidence":1.0,"Text":"amendingyour2018orlaterreturn,leavelineblank.","VisualLineNumber":21,"TextType":"Unknown"}]}]},{"IndexInText":4630,"Language":"tur","Length":5,"Rotation":"None","SkewAngle":-0.1,"Type":"Paragraph","WordGroups":[{"IndexInText":4630,"Length":5,"Type":"Other","Words":[{"Box":[265.91,353.66,10.93,8.0],"Polygon":[353.66,265.91,364.59,265.91,364.59,273.91,353.66,273.91],"IndexInText":4630,"OcrConfidence":1.0,"Text":"27","VisualLineNumber":15,"TextType":"Unknown"},{"Box":[289.38,353.66,10.93,7.2],"Polygon":[353.66,289.38,364.59,289.38,364.59,296.58,353.66,296.58],"IndexInText":4633,"OcrConfidence":1.0,"Text":"28","VisualLineNumber":17,"TextType":"Unknown"}]}]},{"IndexInText":4637,"Language":"und","Length":2,"Rotation":"None","SkewAngle":-0.1,"Type":"Paragraph","WordGroups":[{"IndexInText":4637,"Length":2,"Type":"Other","Words":[{"Box":[334.72,353.66,10.93,7.2],"Polygon":[353.66,334.72,364.59,334.72,364.59,341.92,353.66,341.92],"IndexInText":4637,"OcrConfidence":1.0,"Text":"29","VisualLineNumber":21,"TextType":"Unknown"}]}]},{"IndexInText":4641,"Language":"eng","Length":94,"Rotation":"None","SkewAngle":-0.1,"Type":"Paragraph","WordGroups":[{"IndexInText":4641,"Length":94,"Type":"Heading","Words":[{"Box":[346.19,42.14,11.2,7.47],"Polygon":[42.14,346.19,53.34,346.19,53.34,353.66,42.14,353.66],"IndexInText":4641,"OcrConfidence":1.0,"Text":"30","VisualLineNumber":22,"TextType":"Unknown"},{"Box":[345.65,65.61,477.41,8.8],"Polygon":[65.61,345.65,543.02,345.65,543.02,354.46,65.61,354.46],"IndexInText":4644,"OcrConfidence":1.0,"Text":"ListALldependenthidrenandotherscdamedonthisamendedretun.fmorethan4dependentsseeinstand/here","VisualLineNumber":22,"TextType":"Unknown"}]}]},{"IndexInText":4737,"Language":"eng","Length":28,"Rotation":"None","SkewAngle":-0.1,"Type":"Paragraph","WordGroups":[{"IndexInText":4737,"Length":28,"Type":"Other","Words":[{"Box":[357.39,38.67,107.48,8.53],"Polygon":[38.67,357.39,146.16,357.39,146.16,365.92,38.67,365.92],"IndexInText":4737,"OcrConfidence":1.0,"Text":"Dependents(seeinstructions):","VisualLineNumber":23,"TextType":"Unknown"}]}]},{"IndexInText":4767,"Language":"eng","Length":36,"Rotation":"None","SkewAngle":-0.1,"Type":"Paragraph","WordGroups":[{"IndexInText":4767,"Length":36,"Type":"Other","Words":[{"Box":[356.32,399.53,131.75,10.4],"Polygon":[399.53,356.32,531.28,356.32,531.28,366.72,399.53,366.72],"IndexInText":4767,"OcrConfidence":1.0,"Text":"(d)/ifqualifiesfor(seeinstructions):","VisualLineNumber":23,"TextType":"Unknown"}]}]},{"IndexInText":4805,"Language":"eng","Length":33,"Rotation":"None","SkewAngle":-0.1,"Type":"Paragraph","WordGroups":[{"IndexInText":4805,"Length":33,"Type":"Other","Words":[{"Box":[365.92,228.04,62.68,8.27],"Polygon":[228.04,365.92,290.71,365.92,290.71,374.19,228.04,374.19],"IndexInText":4805,"OcrConfidence":1.0,"Text":"(b)Socialsecurity","VisualLineNumber":24,"TextType":"Unknown"},{"Box":[365.92,310.45,54.94,8.27],"Polygon":[310.45,365.92,365.39,365.92,365.39,374.19,310.45,374.19],"IndexInText":4823,"OcrConfidence":1.0,"Text":"(c)Relationship","VisualLineNumber":24,"TextType":"Unknown"}]}]},{"IndexInText":4840,"Language":"eng","Length":6,"Rotation":"None","SkewAngle":-0.1,"Type":"Paragraph","WordGroups":[{"IndexInText":4840,"Length":6,"Type":"Other","Words":[{"Box":[375.53,244.84,28.27,7.2],"Polygon":[244.84,375.53,273.11,375.53,273.11,382.73,244.84,382.73],"IndexInText":4840,"OcrConfidence":1.0,"Text":"number","VisualLineNumber":26,"TextType":"Unknown"}]}]},{"IndexInText":4848,"Language":"eng","Length":45,"Rotation":"None","SkewAngle":-0.1,"Type":"Paragraph","WordGroups":[{"IndexInText":4848,"Length":45,"Type":"Other","Words":[{"Box":[375.53,326.45,22.67,8.0],"Polygon":[326.45,375.53,349.12,375.53,349.12,383.53,326.45,383.53],"IndexInText":4848,"OcrConfidence":1.0,"Text":"toyou","VisualLineNumber":26,"TextType":"Unknown"},{"Box":[374.73,383.53,54.14,7.47],"Polygon":[383.53,374.73,437.67,374.73,437.67,382.19,383.53,382.19],"IndexInText":4854,"OcrConfidence":1.0,"Text":"Childtaxcredit","VisualLineNumber":26,"TextType":"Unknown"},{"Box":[370.46,451.54,96.55,9.07],"Polygon":[451.54,370.46,548.09,370.46,548.09,379.53,451.54,379.53],"IndexInText":4869,"OcrConfidence":1.0,"Text":"Creditforotherdependents","VisualLineNumber":25,"TextType":"Unknown"}]}]},{"IndexInText":4895,"Language":"eng","Length":12,"Rotation":"None","SkewAngle":-0.1,"Type":"Paragraph","WordGroups":[{"IndexInText":4895,"Length":12,"Type":"Other","Words":[{"Box":[378.46,50.94,49.07,8.8],"Polygon":[50.94,378.46,100.02,378.46,100.02,387.26,50.94,387.26],"IndexInText":4895,"OcrConfidence":1.0,"Text":"(a)Firstname","VisualLineNumber":27,"TextType":"Unknown"}]}]},{"IndexInText":4909,"Language":"eng","Length":8,"Rotation":"None","SkewAngle":-0.1,"Type":"Paragraph","WordGroups":[{"IndexInText":4909,"Length":8,"Type":"Other","Words":[{"Box":[378.46,158.43,37.34,7.2],"Polygon":[158.43,378.46,195.76,378.46,195.76,385.66,158.43,385.66],"IndexInText":4909,"OcrConfidence":1.0,"Text":"Lastname","VisualLineNumber":27,"TextType":"Unknown"}]}]},{"IndexInText":4919,"Language":"eng","Length":31,"Rotation":"None","SkewAngle":-0.1,"Type":"Paragraph","WordGroups":[{"IndexInText":4919,"Length":31,"Type":"Other","Words":[{"Box":[380.06,447.8,103.22,7.2],"Polygon":[447.8,380.06,551.02,380.06,551.02,387.26,447.8,387.26],"IndexInText":4919,"OcrConfidence":1.0,"Text":"(amended2018orlaterreturnsonly)","VisualLineNumber":27,"TextType":"Unknown"}]}]},{"IndexInText":4952,"Language":"und","Length":1,"Rotation":"None","SkewAngle":-0.1,"Type":"Paragraph","WordGroups":[{"IndexInText":4952,"Length":1,"Type":"Other","Words":[{"Box":[427.53,406.2,5.07,5.87],"Polygon":[406.2,427.53,411.27,427.53,411.27,433.4,406.2,433.4],"IndexInText":4952,"OcrConfidence":1.0,"Text":"1","VisualLineNumber":28,"TextType":"Unknown"}]}]},{"IndexInText":4955,"Language":"eng","Length":384,"Rotation":"None","SkewAngle":-0.1,"Type":"Paragraph","WordGroups":[{"IndexInText":4955,"Length":151,"Type":"Sentence","Words":[{"Box":[436.87,41.61,28.54,9.6],"Polygon":[41.61,436.87,70.14,436.87,70.14,446.47,41.61,446.47],"IndexInText":4955,"OcrConfidence":1.0,"Text":"PartIl","VisualLineNumber":29,"TextType":"Unknown"},{"Box":[436.34,85.35,170.43,10.14],"Polygon":[85.35,436.34,255.77,436.34,255.77,446.47,85.35,446.47],"IndexInText":4962,"OcrConfidence":1.0,"Text":"PresidentialElectionCampaignFund","VisualLineNumber":29,"TextType":"Unknown"},{"Box":[448.6,37.87,242.71,10.14],"Polygon":[37.87,448.6,280.58,448.6,280.58,458.74,37.87,458.74],"IndexInText":4995,"OcrConfidence":1.0,"Text":"Checkingbelowwon'tincreaseyourtaxorreduceyourrefund","VisualLineNumber":30,"TextType":"Unknown"},{"Box":[459.54,58.41,285.65,10.94],"Polygon":[58.41,459.54,344.05,459.54,344.05,470.47,58.41,470.47],"IndexInText":5047,"OcrConfidence":1.0,"Text":"Checkhereifyoudidn'tpreviouslywant$3togotothefund,butnowdo.","VisualLineNumber":31,"TextType":"Unknown"}]},{"IndexInText":5107,"Length":232,"Type":"Sentence","Words":[{"Box":[471.28,58.41,423.8,9.6],"Polygon":[58.41,471.28,482.21,471.28,482.21,480.88,58.41,480.88],"IndexInText":5107,"OcrConfidence":1.0,"Text":"Checkhereifthisisajointretumandyourspousedidnotpreviouslywant$3togotothefundbutnowdoes","VisualLineNumber":32,"TextType":"Unknown"},{"Box":[483.01,40.01,27.2,8.8],"Polygon":[40.01,483.01,67.21,483.01,67.21,491.81,40.01,491.81],"IndexInText":5194,"OcrConfidence":1.0,"Text":"PartIl","VisualLineNumber":33,"TextType":"Unknown"},{"Box":[482.21,85.35,376.33,10.94],"Polygon":[85.35,482.21,461.67,482.21,461.67,493.15,85.35,493.15],"IndexInText":5201,"OcrConfidence":1.0,"Text":"ExplanationofChanges.linthespaceprovidedbelow,telluswhyyouarefingForm1040-X.","VisualLineNumber":33,"TextType":"Unknown"},{"Box":[494.74,70.68,306.98,9.34],"Polygon":[70.68,494.74,377.66,494.74,377.66,504.08,70.68,504.08],"IndexInText":5278,"OcrConfidence":1.0,"Text":"Attachanysupportingdocumentsandneworchangedformsandschedules.","VisualLineNumber":34,"TextType":"Unknown"}]}]},{"IndexInText":5341,"Language":"eng","Length":332,"Rotation":"None","SkewAngle":-0.1,"Type":"Paragraph","WordGroups":[{"IndexInText":5341,"Length":332,"Type":"Other","Words":[{"Box":[620.1,36.27,230.44,10.4],"Polygon":[36.27,620.1,266.71,620.1,266.71,630.5,36.27,630.5],"IndexInText":5341,"OcrConfidence":1.0,"Text":"Remembertokeepacopyofthisformforyourrecords.","VisualLineNumber":35,"TextType":"Unknown"},{"Box":[629.97,36.27,517.68,8.8],"Polygon":[36.27,629.97,553.95,629.97,553.95,638.77,36.27,638.77],"IndexInText":5386,"OcrConfidence":1.0,"Text":"Underpenaltiesofperjury.ldeclarethatlhavefiledanoriginalreturnandthatlhaveexaminedthisamendedreturn,includingaccompanyingschedulesandstatements","VisualLineNumber":36,"TextType":"Unknown"},{"Box":[636.9,36.27,434.2,8.54],"Polygon":[36.27,636.9,470.47,636.9,470.47,645.44,36.27,645.44],"IndexInText":5530,"OcrConfidence":1.0,"Text":"andtothebestofmyknowledgeandbelief,thisamendedreturnistrue,correct,andcomplete.Declarationofpreparer(otherthantaxpayer)","VisualLineNumber":37,"TextType":"Unknown"},{"Box":[636.63,471.27,82.68,8.0],"Polygon":[471.27,636.63,553.95,636.63,553.95,644.64,471.27,644.64],"IndexInText":5650,"OcrConfidence":1.0,"Text":"isbasedonallinformation","VisualLineNumber":37,"TextType":"Unknown"}]}]},{"IndexInText":5675,"Language":"eng","Length":153,"Rotation":"None","SkewAngle":-0.1,"Type":"Paragraph","WordGroups":[{"IndexInText":5675,"Length":111,"Type":"Other","Words":[{"Box":[644.64,35.74,138.69,7.2],"Polygon":[35.74,644.64,174.43,644.64,174.43,651.84,35.74,651.84],"IndexInText":5675,"OcrConfidence":1.0,"Text":"aboutwhichthepreparerhasanyknowledge.","VisualLineNumber":38,"TextType":"Unknown"},{"Box":[653.17,36.54,45.87,10.4],"Polygon":[36.54,653.17,82.41,653.17,82.41,663.57,36.54,663.57],"IndexInText":5713,"OcrConfidence":1.0,"Text":"SignHere","VisualLineNumber":39,"TextType":"Unknown"},{"Box":[665.71,36.54,6.4,8.8],"Polygon":[36.54,665.71,42.94,665.71,42.94,674.51,36.54,674.51],"IndexInText":5722,"OcrConfidence":1.0,"Text":"▲","VisualLineNumber":40,"TextType":"Unknown"},{"Box":[676.64,37.87,45.34,7.47],"Polygon":[37.87,676.64,83.21,676.64,83.21,684.11,37.87,684.11],"IndexInText":5724,"OcrConfidence":1.0,"Text":"Yoursignature","VisualLineNumber":41,"TextType":"Unknown"},{"Box":[688.38,37.07,5.87,8.8],"Polygon":[37.07,688.38,42.94,688.38,42.94,697.18,37.07,697.18],"IndexInText":5738,"OcrConfidence":1.0,"Text":"▲","VisualLineNumber":42,"TextType":"Unknown"},{"Box":[699.31,37.87,157.09,7.47],"Polygon":[37.87,699.31,194.96,699.31,194.96,706.78,37.87,706.78],"IndexInText":5740,"OcrConfidence":1.0,"Text":"Spouse'ssignature.lfajointreturn,bothmustsign.","VisualLineNumber":43,"TextType":"Unknown"}]},{"IndexInText":5787,"Length":41,"Type":"Other","Words":[{"Box":[709.45,36.54,107.22,10.4],"Polygon":[36.54,709.45,143.76,709.45,143.76,719.85,36.54,719.85],"IndexInText":5787,"OcrConfidence":1.0,"Text":"PaidPreparerUseOnly","VisualLineNumber":44,"TextType":"Unknown"},{"Box":[721.98,36.54,6.4,8.8],"Polygon":[36.54,721.98,42.94,721.98,42.94,730.78,36.54,730.78],"IndexInText":5807,"OcrConfidence":1.0,"Text":"▲","VisualLineNumber":45,"TextType":"Unknown"},{"Box":[732.92,37.87,61.34,7.47],"Polygon":[37.87,732.92,99.22,732.92,99.22,740.38,37.87,740.38],"IndexInText":5809,"OcrConfidence":1.0,"Text":"Preparer'ssignature","VisualLineNumber":46,"TextType":"Unknown"}]}]},{"IndexInText":5830,"Language":"eng","Length":24,"Rotation":"None","SkewAngle":-0.1,"Type":"Paragraph","WordGroups":[{"IndexInText":5830,"Length":24,"Type":"Other","Words":[{"Box":[756.39,37.07,81.88,7.2],"Polygon":[37.07,756.39,118.95,756.39,118.95,763.59,37.07,763.59],"IndexInText":5830,"OcrConfidence":1.0,"Text":"Print/typepreparer'sname","VisualLineNumber":47,"TextType":"Unknown"}]}]},{"IndexInText":5856,"Language":"eng","Length":46,"Rotation":"None","SkewAngle":-0.1,"Type":"Paragraph","WordGroups":[{"IndexInText":5856,"Length":46,"Type":"Other","Words":[{"Box":[779.06,37.07,16.27,6.4],"Polygon":[37.07,779.06,53.34,779.06,53.34,785.46,37.07,785.46],"IndexInText":5856,"OcrConfidence":1.0,"Text":"PTIN","VisualLineNumber":49,"TextType":"Unknown"},{"Box":[791.59,34.94,157.09,9.34],"Polygon":[34.94,791.59,192.03,791.59,192.03,800.93,34.94,800.93],"IndexInText":5861,"OcrConfidence":1.0,"Text":"Forformsandpublications,visitwww.irs.gov.","VisualLineNumber":50,"TextType":"Unknown"}]}]},{"IndexInText":5904,"Language":"ron","Length":9,"Rotation":"None","SkewAngle":-0.1,"Type":"Paragraph","WordGroups":[{"IndexInText":5904,"Length":9,"Type":"Heading","Words":[{"Box":[676.64,238.17,14.67,5.87],"Polygon":[238.17,676.64,252.84,676.64,252.84,682.51,238.17,682.51],"IndexInText":5904,"OcrConfidence":1.0,"Text":"Date","VisualLineNumber":41,"TextType":"Unknown"},{"Box":[698.51,238.17,14.67,6.67],"Polygon":[238.17,698.51,252.84,698.51,252.84,705.18,238.17,705.18],"IndexInText":5909,"OcrConfidence":1.0,"Text":"Date","VisualLineNumber":43,"TextType":"Unknown"}]}]},{"IndexInText":5915,"Language":"eng","Length":33,"Rotation":"None","SkewAngle":-0.1,"Type":"Paragraph","WordGroups":[{"IndexInText":5915,"Length":33,"Type":"Heading","Words":[{"Box":[675.84,299.51,50.41,7.47],"Polygon":[299.51,675.84,349.92,675.84,349.92,683.31,299.51,683.31],"IndexInText":5915,"OcrConfidence":1.0,"Text":"Youroccupation","VisualLineNumber":41,"TextType":"Unknown"},{"Box":[698.51,298.71,65.08,7.47],"Polygon":[298.71,698.51,363.79,698.51,363.79,705.98,298.71,705.98],"IndexInText":5930,"OcrConfidence":1.0,"Text":"Spouse'soccupation","VisualLineNumber":43,"TextType":"Unknown"}]}]},{"IndexInText":5950,"Language":"und","Length":4,"Rotation":"None","SkewAngle":-0.1,"Type":"Paragraph","WordGroups":[{"IndexInText":5950,"Length":4,"Type":"Other","Words":[{"Box":[732.92,237.37,15.47,6.67],"Polygon":[237.37,732.92,252.84,732.92,252.84,739.58,237.37,739.58],"IndexInText":5950,"OcrConfidence":1.0,"Text":"Date","VisualLineNumber":46,"TextType":"Unknown"}]}]},{"IndexInText":5956,"Language":"eng","Length":34,"Rotation":"None","SkewAngle":-0.1,"Type":"Paragraph","WordGroups":[{"IndexInText":5956,"Length":34,"Type":"Other","Words":[{"Box":[732.92,298.71,118.42,7.47],"Polygon":[298.71,732.92,417.13,732.92,417.13,740.38,298.71,740.38],"IndexInText":5956,"OcrConfidence":1.0,"Text":"Firm'sname(oryoursifself-employed)","VisualLineNumber":46,"TextType":"Unknown"}]}]},{"IndexInText":5992,"Language":"eng","Length":44,"Rotation":"None","SkewAngle":-0.1,"Type":"Paragraph","WordGroups":[{"IndexInText":5992,"Length":44,"Type":"Other","Words":[{"Box":[756.39,298.71,87.75,6.67],"Polygon":[298.71,756.39,386.46,756.39,386.46,763.05,298.71,763.05],"IndexInText":5992,"OcrConfidence":1.0,"Text":"Firm'saddressandZIPcode","VisualLineNumber":47,"TextType":"Unknown"},{"Box":[770.26,255.77,70.14,8.0],"Polygon":[255.77,770.26,325.92,770.26,325.92,778.26,255.77,778.26],"IndexInText":6016,"OcrConfidence":1.0,"Text":"Checkifself-employed","VisualLineNumber":48,"TextType":"Unknown"}]}]},{"IndexInText":6038,"Language":"eng","Length":11,"Rotation":"None","SkewAngle":-0.1,"Type":"Paragraph","WordGroups":[{"IndexInText":6038,"Length":11,"Type":"Other","Words":[{"Box":[779.06,346.99,46.14,7.2],"Polygon":[346.99,779.06,393.13,779.06,393.13,786.26,346.99,786.26],"IndexInText":6038,"OcrConfidence":1.0,"Text":"Phonenumber","VisualLineNumber":49,"TextType":"Unknown"}]}]},{"IndexInText":6051,"Language":"dan","Length":26,"Rotation":"None","SkewAngle":-0.1,"Type":"Paragraph","WordGroups":[{"IndexInText":6051,"Length":26,"Type":"Other","Words":[{"Box":[779.86,450.2,12.27,6.4],"Polygon":[450.2,779.86,462.47,779.86,462.47,786.26,450.2,786.26],"IndexInText":6051,"OcrConfidence":1.0,"Text":"EIN","VisualLineNumber":49,"TextType":"Unknown"},{"Box":[789.73,460.34,93.08,12.0],"Polygon":[460.34,789.73,553.42,789.73,553.42,801.73,460.34,801.73],"IndexInText":6055,"OcrConfidence":1.0,"Text":"Form1040-X(Rev.1-2020)","VisualLineNumber":50,"TextType":"Unknown"}]}]}],"ProcessingSource":"Ocr","IndexInText":3391,"TextLength":2686,"SkewAngle":-0.1,"Rotation":"None","PageMetadata":[{"Key":"ImageHash","Value":"978bb8010a66cac72310e120eb4fb966"},{"Key":"OcrConfidence","Value":"0"}]}],"DocumentMetadata":[{"Key":"CommitSHA","Value":null},{"Key":"ReleaseVersion","Value":null},{"Key":"OcrConfidence","Value":"0"}]}