{"DocumentTypeId":"UiPath.Sample.IDCards","FormId":"5b6ea4b9","FormName":"IDテンプレート","OriginalFileExtension":"pdf","Pages":[{"Page":0,"Size":[0.0,0.0,611.0,791.0],"SkewAngle":-0.1,"Evidence":[{"Text":"Amended","Box":[45.61,168.02,57.07,13.07]},{"Text":"U.S.","Box":[45.61,230.16,26.67,13.07]},{"Text":"Individual","Box":[45.34,259.23,62.14,13.33]},{"Text":"Income","Box":[45.34,324.04,45.61,13.33]},{"Text":"Tax","Box":[45.34,375.51,22.4,13.33]},{"Text":"Return","Box":[45.61,401.38,41.34,13.07]}],"Fields":[{"Field":"UiPath.Sample.IDCards.LastName","Box":[106.3775,274.436,170.7403,13.8559]},{"Field":"UiPath.Sample.IDCards.FirstName","Box":[106.3775,34.4162,238.6789,12.515]},{"Field":"UiPath.Sample.IDCards.IDNo","Box":[104.454,447.4039,128.6622,15.2422]},{"Field":"UiPath.Sample.IDCards.Address","Box":[152.8705,35.4157,345.6397,13.8973]}],"Tables":[]},{"Page":1,"Size":[0.0,0.0,611.0,791.0],"SkewAngle":-0.1,"Evidence":[],"Fields":[],"Tables":[]}],"AnchorBasedConfiguration":{"AnchorBasedFieldConfiguration":[]}}