{"DocumentTypeId":"UiPath.Sample.IDCards","FormId":"aeb0d7b9","FormName":"ID Cards AI inside","OriginalFileExtension":"pdf","Pages":[{"Page":0,"Size":[0.0,0.0,595.0,842.0],"SkewAngle":-0.3,"Evidence":[{"Text":"1040-X","Box":[46.67,37.87,81.08,21.07]},{"Text":"(Rev.January2020)","Box":[73.08,37.87,61.34,7.2]},{"Text":"DepartmentoftheTreasury-InternalRevenueService","Box":[48.27,216.03,164.56,9.33]},{"Text":"AmendedU.S.IndividualIncomeTaxReturn","Box":[57.34,165.09,266.18,14.4]},{"Text":"OMBNo.1545-0074","Box":[62.68,483.81,63.48,7.47]},{"Text":"Gotowww.irs.gov/Form1040Xforinstructionsandthelatestinformation.","Box":[72.28,160.03,276.31,9.87]}],"Fields":[{"Field":"UiPath.Sample.IDCards.LastName","Box":[115.7563,267.0111,163.0877,13.3763]},{"Field":"UiPath.Sample.IDCards.FirstName","Box":[116.2707,38.5854,226.3678,14.9197]},{"Field":"UiPath.Sample.IDCards.IDNo","Box":[116.7852,432.6711,123.9878,15.4342]},{"Field":"UiPath.Sample.IDCards.Address","Box":[163.0877,36.5275,333.378,12.3473]}],"Tables":[]},{"Page":1,"Size":[0.0,0.0,595.0,842.0],"SkewAngle":-0.1,"Evidence":[],"Fields":[],"Tables":[]}],"AnchorBasedConfiguration":{"AnchorBasedFieldConfiguration":[]}}